n,thresholdModel,thresholdClass,Accuracy,logloss
1,0.05,0.5,0.765957446808511,0.434589198171553
1,0.1,0.5,0.765957446808511,0.436069635484102
1,0.15,0.5,0.765957446808511,0.434314330993223
1,0.2,0.5,0.765957446808511,0.43273091367675
1,0.25,0.5,0.74468085106383,0.434192135883167
1,0.3,0.5,0.74468085106383,0.434192135883167
1,0.35,0.5,0.74468085106383,0.434580174735405
1,0.4,0.5,0.74468085106383,0.434580174735405
1,0.45,0.5,0.808510638297872,0.438375536014161
1,0.5,0.5,0.808510638297872,0.444798454188231
1,0.55,0.5,0.808510638297872,0.444798454188231
1,0.6,0.5,0.74468085106383,0.566162964828162
1,0.65,0.5,0.74468085106383,0.566162964828162
1,0.7,0.5,0.74468085106383,0.566162964828162
1,0.75,0.5,0.74468085106383,0.566162964828162
1,0.8,0.5,0.74468085106383,0.566162964828162
1,0.85,0.5,0.74468085106383,0.566162964828162
1,0.9,0.5,0.74468085106383,0.566162964828162
1,0.95,0.5,0.74468085106383,0.566162964828162
1,1,0.5,0.74468085106383,0.566162964828162
2,0.05,0.5,0.765957446808511,0.434718534576036
2,0.1,0.5,0.765957446808511,0.43512883727808
2,0.15,0.5,0.765957446808511,0.433255603878715
2,0.2,0.5,0.765957446808511,0.433334995836298
2,0.25,0.5,0.765957446808511,0.433547709947115
2,0.3,0.5,0.74468085106383,0.436264515913959
2,0.35,0.5,0.74468085106383,0.439535115398793
2,0.4,0.5,0.74468085106383,0.439535115398793
2,0.45,0.5,0.74468085106383,0.439535115398793
2,0.5,0.5,0.808510638297872,0.43248510905297
2,0.55,0.5,0.808510638297872,0.435548078480522
2,0.6,0.5,0.808510638297872,0.435548078480522
2,0.65,0.5,0.765957446808511,0.448790418500777
2,0.7,0.5,0.765957446808511,0.4533608229077
2,0.75,0.5,0.765957446808511,0.4533608229077
2,0.8,0.5,0.765957446808511,0.4533608229077
2,0.85,0.5,0.74468085106383,0.4748631883092
2,0.9,0.5,0.74468085106383,0.564219717068033
2,0.95,0.5,0.74468085106383,0.564219717068033
2,1,0.5,0.74468085106383,0.564219717068033
3,0.05,0.5,0.765957446808511,0.432356836931768
3,0.1,0.5,0.765957446808511,0.432783169387096
3,0.15,0.5,0.765957446808511,0.435077040080375
3,0.2,0.5,0.74468085106383,0.431608801460444
3,0.25,0.5,0.74468085106383,0.431608801460444
3,0.3,0.5,0.765957446808511,0.428941858563886
3,0.35,0.5,0.765957446808511,0.428941858563886
3,0.4,0.5,0.765957446808511,0.428941858563886
3,0.45,0.5,0.765957446808511,0.428941858563886
3,0.5,0.5,0.765957446808511,0.428941858563886
3,0.55,0.5,0.765957446808511,0.428941858563886
3,0.6,0.5,0.808510638297872,0.431294859969814
3,0.65,0.5,0.808510638297872,0.431294859969814
3,0.7,0.5,0.765957446808511,0.448840430869986
3,0.75,0.5,0.74468085106383,0.562053859038315
3,0.8,0.5,0.74468085106383,0.562053859038315
3,0.85,0.5,0.74468085106383,0.562053859038315
3,0.9,0.5,0.74468085106383,0.562053859038315
3,0.95,0.5,0.74468085106383,0.562053859038315
3,1,0.5,0.74468085106383,0.562053859038315
4,0.05,0.5,0.765957446808511,0.428708700370665
4,0.1,0.5,0.765957446808511,0.430200023335633
4,0.15,0.5,0.74468085106383,0.427559025603213
4,0.2,0.5,0.74468085106383,0.425806627576522
4,0.25,0.5,0.787234042553192,0.41599172290339
4,0.3,0.5,0.808510638297872,0.417989629769683
4,0.35,0.5,0.808510638297872,0.417989629769683
4,0.4,0.5,0.808510638297872,0.42946742144741
4,0.45,0.5,0.808510638297872,0.42946742144741
4,0.5,0.5,0.765957446808511,0.449367111692558
4,0.55,0.5,0.765957446808511,0.459044584836049
4,0.6,0.5,0.765957446808511,0.459044584836049
4,0.65,0.5,0.765957446808511,0.459044584836049
4,0.7,0.5,0.765957446808511,0.459044584836049
4,0.75,0.5,0.74468085106383,0.5344573749971
4,0.8,0.5,0.74468085106383,0.5344573749971
4,0.85,0.5,0.74468085106383,0.5344573749971
4,0.9,0.5,0.74468085106383,0.5344573749971
4,0.95,0.5,0.74468085106383,0.5344573749971
4,1,0.5,0.74468085106383,0.5344573749971
5,0.05,0.5,0.765957446808511,0.431867576367595
5,0.1,0.5,0.74468085106383,0.431988374279634
5,0.15,0.5,0.74468085106383,0.430357054853958
5,0.2,0.5,0.74468085106383,0.430357054853958
5,0.25,0.5,0.765957446808511,0.426912271509766
5,0.3,0.5,0.765957446808511,0.426912271509766
5,0.35,0.5,0.765957446808511,0.426947059755464
5,0.4,0.5,0.787234042553192,0.437702486987671
5,0.45,0.5,0.787234042553192,0.437702486987671
5,0.5,0.5,0.787234042553192,0.437702486987671
5,0.55,0.5,0.787234042553192,0.437702486987671
5,0.6,0.5,0.787234042553192,0.437702486987671
5,0.65,0.5,0.787234042553192,0.437702486987671
5,0.7,0.5,0.787234042553192,0.4413967536935
5,0.75,0.5,0.787234042553192,0.4413967536935
5,0.8,0.5,0.74468085106383,0.46579218632114
5,0.85,0.5,0.74468085106383,0.46579218632114
5,0.9,0.5,0.74468085106383,0.476457227897446
5,0.95,0.5,0.74468085106383,0.476457227897446
5,1,0.5,0.74468085106383,0.476457227897446
6,0.05,0.5,0.808510638297872,0.464859332026376
6,0.1,0.5,0.74468085106383,0.429358640433089
6,0.15,0.5,0.74468085106383,0.425352606571649
6,0.2,0.5,0.74468085106383,0.42626506782881
6,0.25,0.5,0.74468085106383,0.426679897114235
6,0.3,0.5,0.74468085106383,0.426679897114235
6,0.35,0.5,0.808510638297872,0.43228869645107
6,0.4,0.5,0.808510638297872,0.435051390387266
6,0.45,0.5,0.808510638297872,0.435051390387266
6,0.5,0.5,0.787234042553192,0.441925617561294
6,0.55,0.5,0.787234042553192,0.441925617561294
6,0.6,0.5,0.787234042553192,0.441925617561294
6,0.65,0.5,0.74468085106383,0.471889086708585
6,0.7,0.5,0.74468085106383,0.471889086708585
6,0.75,0.5,0.74468085106383,0.536732109915926
6,0.8,0.5,0.74468085106383,0.536732109915926
6,0.85,0.5,0.74468085106383,0.536732109915926
6,0.9,0.5,0.74468085106383,0.536732109915926
6,0.95,0.5,0.74468085106383,0.536732109915926
6,1,0.5,0.74468085106383,0.536732109915926
7,0.05,0.5,0.765957446808511,0.432820427945554
7,0.1,0.5,0.765957446808511,0.433129171425948
7,0.15,0.5,0.765957446808511,0.433750942261295
7,0.2,0.5,0.765957446808511,0.433900874016603
7,0.25,0.5,0.74468085106383,0.429701890561362
7,0.3,0.5,0.74468085106383,0.429701890561362
7,0.35,0.5,0.765957446808511,0.422280310200645
7,0.4,0.5,0.765957446808511,0.422280310200645
7,0.45,0.5,0.765957446808511,0.422280310200645
7,0.5,0.5,0.765957446808511,0.422280310200645
7,0.55,0.5,0.829787234042553,0.423093437259603
7,0.6,0.5,0.829787234042553,0.423093437259603
7,0.65,0.5,0.765957446808511,0.445705381367318
7,0.7,0.5,0.765957446808511,0.445705381367318
7,0.75,0.5,0.765957446808511,0.445705381367318
7,0.8,0.5,0.765957446808511,0.457089545157889
7,0.85,0.5,0.765957446808511,0.457089545157889
7,0.9,0.5,0.765957446808511,0.457089545157889
7,0.95,0.5,0.765957446808511,0.457089545157889
7,1,0.5,0.765957446808511,0.457089545157889
8,0.05,0.5,0.765957446808511,0.43083765874993
8,0.1,0.5,0.74468085106383,0.430613848531455
8,0.15,0.5,0.74468085106383,0.42314174955823
8,0.2,0.5,0.74468085106383,0.423701435922191
8,0.25,0.5,0.808510638297872,0.425768172175126
8,0.3,0.5,0.808510638297872,0.42723528065728
8,0.35,0.5,0.808510638297872,0.42723528065728
8,0.4,0.5,0.808510638297872,0.42723528065728
8,0.45,0.5,0.808510638297872,0.42723528065728
8,0.5,0.5,0.808510638297872,0.42723528065728
8,0.55,0.5,0.787234042553192,0.436318842522857
8,0.6,0.5,0.765957446808511,0.450537589290873
8,0.65,0.5,0.765957446808511,0.450537589290873
8,0.7,0.5,0.765957446808511,0.450537589290873
8,0.75,0.5,0.765957446808511,0.450537589290873
8,0.8,0.5,0.74468085106383,0.544257425704552
8,0.85,0.5,0.74468085106383,0.544257425704552
8,0.9,0.5,0.74468085106383,0.544257425704552
8,0.95,0.5,0.74468085106383,0.544257425704552
8,1,0.5,0.74468085106383,0.544257425704552
9,0.05,0.5,0.765957446808511,0.430390141617609
9,0.1,0.5,0.74468085106383,0.430644606944304
9,0.15,0.5,0.74468085106383,0.431030182680025
9,0.2,0.5,0.74468085106383,0.428382927426699
9,0.25,0.5,0.74468085106383,0.428181191377461
9,0.3,0.5,0.808510638297872,0.428434538426949
9,0.35,0.5,0.808510638297872,0.428728184505988
9,0.4,0.5,0.808510638297872,0.428728184505988
9,0.45,0.5,0.808510638297872,0.428728184505988
9,0.5,0.5,0.808510638297872,0.431433922047338
9,0.55,0.5,0.808510638297872,0.433478745682601
9,0.6,0.5,0.74468085106383,0.461028095009188
9,0.65,0.5,0.74468085106383,0.461028095009188
9,0.7,0.5,0.74468085106383,0.471183562833187
9,0.75,0.5,0.74468085106383,0.471183562833187
9,0.8,0.5,0.74468085106383,0.481558118947828
9,0.85,0.5,0.74468085106383,0.510380652045331
9,0.9,0.5,0.74468085106383,0.510380652045331
9,0.95,0.5,0.74468085106383,0.510380652045331
9,1,0.5,0.74468085106383,0.510380652045331
10,0.05,0.5,0.829787234042553,0.4458249490838
10,0.1,0.5,0.74468085106383,0.426964013955132
10,0.15,0.5,0.74468085106383,0.427668349018832
10,0.2,0.5,0.74468085106383,0.431618790055937
10,0.25,0.5,0.74468085106383,0.432646684978219
10,0.3,0.5,0.808510638297872,0.436812134979586
10,0.35,0.5,0.808510638297872,0.436812134979586
10,0.4,0.5,0.808510638297872,0.437331739169755
10,0.45,0.5,0.765957446808511,0.43774131366539
10,0.5,0.5,0.765957446808511,0.43774131366539
10,0.55,0.5,0.74468085106383,0.45805429241185
10,0.6,0.5,0.74468085106383,0.45805429241185
10,0.65,0.5,0.74468085106383,0.45805429241185
10,0.7,0.5,0.74468085106383,0.45805429241185
10,0.75,0.5,0.74468085106383,0.45805429241185
10,0.8,0.5,0.74468085106383,0.45805429241185
10,0.85,0.5,0.74468085106383,0.468153503248293
10,0.9,0.5,0.74468085106383,0.468153503248293
10,0.95,0.5,0.74468085106383,0.468153503248293
10,1,0.5,0.74468085106383,0.468153503248293
11,0.05,0.5,0.765957446808511,0.43017769839702
11,0.1,0.5,0.765957446808511,0.432130481915351
11,0.15,0.5,0.765957446808511,0.434338043176684
11,0.2,0.5,0.765957446808511,0.434720542202488
11,0.25,0.5,0.74468085106383,0.436618394333079
11,0.3,0.5,0.74468085106383,0.436618394333079
11,0.35,0.5,0.74468085106383,0.436618394333079
11,0.4,0.5,0.74468085106383,0.436618394333079
11,0.45,0.5,0.787234042553192,0.434792046148078
11,0.5,0.5,0.787234042553192,0.434792046148078
11,0.55,0.5,0.787234042553192,0.434792046148078
11,0.6,0.5,0.787234042553192,0.434792046148078
11,0.65,0.5,0.787234042553192,0.442113365413752
11,0.7,0.5,0.787234042553192,0.442113365413752
11,0.75,0.5,0.787234042553192,0.442113365413752
11,0.8,0.5,0.787234042553192,0.442113365413752
11,0.85,0.5,0.787234042553192,0.442113365413752
11,0.9,0.5,0.765957446808511,0.448526480384707
11,0.95,0.5,0.765957446808511,0.463717135092343
11,1,0.5,0.74468085106383,0.497090366038009
12,0.05,0.5,0.74468085106383,0.436674067277314
12,0.1,0.5,0.74468085106383,0.435523603235319
12,0.15,0.5,0.74468085106383,0.435065370261085
12,0.2,0.5,0.765957446808511,0.434496752945959
12,0.25,0.5,0.765957446808511,0.433409132793886
12,0.3,0.5,0.765957446808511,0.433409132793886
12,0.35,0.5,0.765957446808511,0.433409132793886
12,0.4,0.5,0.765957446808511,0.433409132793886
12,0.45,0.5,0.765957446808511,0.435666650568541
12,0.5,0.5,0.765957446808511,0.435666650568541
12,0.55,0.5,0.765957446808511,0.45125772904106
12,0.6,0.5,0.765957446808511,0.45125772904106
12,0.65,0.5,0.765957446808511,0.45125772904106
12,0.7,0.5,0.765957446808511,0.45125772904106
12,0.75,0.5,0.765957446808511,0.45125772904106
12,0.8,0.5,0.765957446808511,0.45125772904106
12,0.85,0.5,0.765957446808511,0.45125772904106
12,0.9,0.5,0.765957446808511,0.45125772904106
12,0.95,0.5,0.765957446808511,0.45125772904106
12,1,0.5,0.74468085106383,0.489109816704363
13,0.05,0.5,0.765957446808511,0.429901610212452
13,0.1,0.5,0.765957446808511,0.432065847929262
13,0.15,0.5,0.74468085106383,0.432543583574006
13,0.2,0.5,0.74468085106383,0.431267028738381
13,0.25,0.5,0.74468085106383,0.431267028738381
13,0.3,0.5,0.74468085106383,0.431267028738381
13,0.35,0.5,0.787234042553192,0.431151575459198
13,0.4,0.5,0.808510638297872,0.430602140851929
13,0.45,0.5,0.765957446808511,0.430521902294354
13,0.5,0.5,0.765957446808511,0.431876399362915
13,0.55,0.5,0.765957446808511,0.431876399362915
13,0.6,0.5,0.765957446808511,0.431876399362915
13,0.65,0.5,0.765957446808511,0.431876399362915
13,0.7,0.5,0.765957446808511,0.431876399362915
13,0.75,0.5,0.765957446808511,0.431876399362915
13,0.8,0.5,0.765957446808511,0.438882020678549
13,0.85,0.5,0.765957446808511,0.438882020678549
13,0.9,0.5,0.74468085106383,0.487989900330107
13,0.95,0.5,0.74468085106383,0.487989900330107
13,1,0.5,0.74468085106383,0.487989900330107
14,0.05,0.5,0.765957446808511,0.432029345369635
14,0.1,0.5,0.74468085106383,0.430379734256191
14,0.15,0.5,0.74468085106383,0.428373712188861
14,0.2,0.5,0.74468085106383,0.428373712188861
14,0.25,0.5,0.74468085106383,0.426853592911043
14,0.3,0.5,0.808510638297872,0.427508476199345
14,0.35,0.5,0.808510638297872,0.427804659555161
14,0.4,0.5,0.808510638297872,0.430198847385591
14,0.45,0.5,0.808510638297872,0.430198847385591
14,0.5,0.5,0.808510638297872,0.429102191244364
14,0.55,0.5,0.808510638297872,0.429102191244364
14,0.6,0.5,0.765957446808511,0.449783157237717
14,0.65,0.5,0.765957446808511,0.449783157237717
14,0.7,0.5,0.765957446808511,0.449783157237717
14,0.75,0.5,0.765957446808511,0.449783157237717
14,0.8,0.5,0.765957446808511,0.449783157237717
14,0.85,0.5,0.765957446808511,0.449783157237717
14,0.9,0.5,0.765957446808511,0.449783157237717
14,0.95,0.5,0.765957446808511,0.449783157237717
14,1,0.5,0.765957446808511,0.449783157237717
15,0.05,0.5,0.765957446808511,0.432491369514285
15,0.1,0.5,0.74468085106383,0.430460731998398
15,0.15,0.5,0.74468085106383,0.430225265741535
15,0.2,0.5,0.74468085106383,0.430059110607462
15,0.25,0.5,0.74468085106383,0.430059110607462
15,0.3,0.5,0.765957446808511,0.432545756045352
15,0.35,0.5,0.765957446808511,0.432545756045352
15,0.4,0.5,0.808510638297872,0.436904066245942
15,0.45,0.5,0.808510638297872,0.436904066245942
15,0.5,0.5,0.787234042553192,0.440693658373156
15,0.55,0.5,0.787234042553192,0.440693658373156
15,0.6,0.5,0.787234042553192,0.440693658373156
15,0.65,0.5,0.787234042553192,0.440693658373156
15,0.7,0.5,0.787234042553192,0.440693658373156
15,0.75,0.5,0.787234042553192,0.440693658373156
15,0.8,0.5,0.787234042553192,0.440693658373156
15,0.85,0.5,0.787234042553192,0.440693658373156
15,0.9,0.5,0.787234042553192,0.440693658373156
15,0.95,0.5,0.787234042553192,0.440693658373156
15,1,0.5,0.787234042553192,0.440693658373156
16,0.05,0.5,0.808510638297872,0.462402978570168
16,0.1,0.5,0.74468085106383,0.43210359923591
16,0.15,0.5,0.74468085106383,0.430492920247715
16,0.2,0.5,0.74468085106383,0.428604286529724
16,0.25,0.5,0.74468085106383,0.428604286529724
16,0.3,0.5,0.765957446808511,0.428157637325984
16,0.35,0.5,0.765957446808511,0.428157637325984
16,0.4,0.5,0.765957446808511,0.428157637325984
16,0.45,0.5,0.808510638297872,0.431832461262251
16,0.5,0.5,0.787234042553192,0.442358341243138
16,0.55,0.5,0.787234042553192,0.442358341243138
16,0.6,0.5,0.787234042553192,0.442358341243138
16,0.65,0.5,0.787234042553192,0.442358341243138
16,0.7,0.5,0.787234042553192,0.442358341243138
16,0.75,0.5,0.787234042553192,0.442358341243138
16,0.8,0.5,0.74468085106383,0.474399169425052
16,0.85,0.5,0.74468085106383,0.474399169425052
16,0.9,0.5,0.74468085106383,0.474399169425052
16,0.95,0.5,0.74468085106383,0.474399169425052
16,1,0.5,0.74468085106383,0.489664164369178
17,0.05,0.5,0.74468085106383,0.432043165332049
17,0.1,0.5,0.74468085106383,0.430234509134345
17,0.15,0.5,0.74468085106383,0.431703245868945
17,0.2,0.5,0.74468085106383,0.433759027096884
17,0.25,0.5,0.74468085106383,0.433866068723134
17,0.3,0.5,0.74468085106383,0.434688287769207
17,0.35,0.5,0.808510638297872,0.434412042311462
17,0.4,0.5,0.808510638297872,0.434374424015353
17,0.45,0.5,0.808510638297872,0.434374424015353
17,0.5,0.5,0.787234042553192,0.435295147555374
17,0.55,0.5,0.787234042553192,0.435295147555374
17,0.6,0.5,0.765957446808511,0.439372992141621
17,0.65,0.5,0.765957446808511,0.439372992141621
17,0.7,0.5,0.74468085106383,0.453591311857483
17,0.75,0.5,0.74468085106383,0.453591311857483
17,0.8,0.5,0.74468085106383,0.453591311857483
17,0.85,0.5,0.74468085106383,0.453591311857483
17,0.9,0.5,0.74468085106383,0.453591311857483
17,0.95,0.5,0.74468085106383,0.467453728372074
17,1,0.5,0.74468085106383,0.472876163733843
18,0.05,0.5,0.74468085106383,0.433145493308229
18,0.1,0.5,0.74468085106383,0.43404106905656
18,0.15,0.5,0.74468085106383,0.435050894725804
18,0.2,0.5,0.74468085106383,0.436627255695436
18,0.25,0.5,0.74468085106383,0.434913349879445
18,0.3,0.5,0.74468085106383,0.433520155304872
18,0.35,0.5,0.808510638297872,0.430840182694578
18,0.4,0.5,0.808510638297872,0.429278062881601
18,0.45,0.5,0.808510638297872,0.429278062881601
18,0.5,0.5,0.808510638297872,0.429278062881601
18,0.55,0.5,0.787234042553192,0.427534115594198
18,0.6,0.5,0.787234042553192,0.427534115594198
18,0.65,0.5,0.787234042553192,0.427534115594198
18,0.7,0.5,0.787234042553192,0.427534115594198
18,0.75,0.5,0.787234042553192,0.427534115594198
18,0.8,0.5,0.787234042553192,0.438751082862821
18,0.85,0.5,0.787234042553192,0.438751082862821
18,0.9,0.5,0.787234042553192,0.438751082862821
18,0.95,0.5,0.787234042553192,0.453992904436981
18,1,0.5,0.787234042553192,0.453992904436981
19,0.05,0.5,0.765957446808511,0.431202643189611
19,0.1,0.5,0.765957446808511,0.429986243657219
19,0.15,0.5,0.765957446808511,0.433245207070888
19,0.2,0.5,0.74468085106383,0.421273240225862
19,0.25,0.5,0.74468085106383,0.421273240225862
19,0.3,0.5,0.74468085106383,0.421273240225862
19,0.35,0.5,0.787234042553192,0.424970347814426
19,0.4,0.5,0.787234042553192,0.424970347814426
19,0.45,0.5,0.787234042553192,0.424970347814426
19,0.5,0.5,0.765957446808511,0.435997251904492
19,0.55,0.5,0.765957446808511,0.435997251904492
19,0.6,0.5,0.765957446808511,0.434472885624029
19,0.65,0.5,0.765957446808511,0.434472885624029
19,0.7,0.5,0.765957446808511,0.434472885624029
19,0.75,0.5,0.765957446808511,0.434472885624029
19,0.8,0.5,0.765957446808511,0.450513683250613
19,0.85,0.5,0.765957446808511,0.450513683250613
19,0.9,0.5,0.765957446808511,0.450513683250613
19,0.95,0.5,0.765957446808511,0.450513683250613
19,1,0.5,0.765957446808511,0.450513683250613
20,0.05,0.5,0.808510638297872,0.443021856171486
20,0.1,0.5,0.74468085106383,0.432845831590579
20,0.15,0.5,0.765957446808511,0.43325862754169
20,0.2,0.5,0.765957446808511,0.432236745821184
20,0.25,0.5,0.74468085106383,0.431482514176428
20,0.3,0.5,0.74468085106383,0.431482514176428
20,0.35,0.5,0.787234042553192,0.441054673550516
20,0.4,0.5,0.787234042553192,0.441054673550516
20,0.45,0.5,0.787234042553192,0.441054673550516
20,0.5,0.5,0.787234042553192,0.441054673550516
20,0.55,0.5,0.787234042553192,0.441054673550516
20,0.6,0.5,0.787234042553192,0.441054673550516
20,0.65,0.5,0.787234042553192,0.441054673550516
20,0.7,0.5,0.787234042553192,0.441054673550516
20,0.75,0.5,0.765957446808511,0.449909273385547
20,0.8,0.5,0.765957446808511,0.449909273385547
20,0.85,0.5,0.765957446808511,0.449909273385547
20,0.9,0.5,0.765957446808511,0.449909273385547
20,0.95,0.5,0.765957446808511,0.449909273385547
20,1,0.5,0.765957446808511,0.449909273385547
21,0.05,0.5,0.829787234042553,0.447236695991642
21,0.1,0.5,0.808510638297872,0.427862562657099
21,0.15,0.5,0.787234042553192,0.427809568330383
21,0.2,0.5,0.765957446808511,0.428005546054255
21,0.25,0.5,0.74468085106383,0.429649614155826
21,0.3,0.5,0.765957446808511,0.42364978958409
21,0.35,0.5,0.829787234042553,0.417837773077121
21,0.4,0.5,0.808510638297872,0.421656353074223
21,0.45,0.5,0.808510638297872,0.421656353074223
21,0.5,0.5,0.808510638297872,0.421656353074223
21,0.55,0.5,0.808510638297872,0.42491854271323
21,0.6,0.5,0.808510638297872,0.426731664192466
21,0.65,0.5,0.787234042553192,0.428017032602412
21,0.7,0.5,0.74468085106383,0.447773286315791
21,0.75,0.5,0.74468085106383,0.447773286315791
21,0.8,0.5,0.74468085106383,0.447773286315791
21,0.85,0.5,0.74468085106383,0.455683343947448
21,0.9,0.5,0.74468085106383,0.455683343947448
21,0.95,0.5,0.74468085106383,0.455683343947448
21,1,0.5,0.74468085106383,0.455683343947448
22,0.05,0.5,0.765957446808511,0.428700096721368
22,0.1,0.5,0.74468085106383,0.431647439202188
22,0.15,0.5,0.74468085106383,0.431647439202188
22,0.2,0.5,0.74468085106383,0.436164062163655
22,0.25,0.5,0.74468085106383,0.436164062163655
22,0.3,0.5,0.74468085106383,0.436164062163655
22,0.35,0.5,0.765957446808511,0.445989479949287
22,0.4,0.5,0.765957446808511,0.445989479949287
22,0.45,0.5,0.765957446808511,0.445989479949287
22,0.5,0.5,0.765957446808511,0.454021405793391
22,0.55,0.5,0.765957446808511,0.454021405793391
22,0.6,0.5,0.765957446808511,0.466451591927223
22,0.65,0.5,0.765957446808511,0.466451591927223
22,0.7,0.5,0.765957446808511,0.466451591927223
22,0.75,0.5,0.765957446808511,0.466451591927223
22,0.8,0.5,0.787234042553192,0.476803858675495
22,0.85,0.5,0.787234042553192,0.476803858675495
22,0.9,0.5,0.765957446808511,0.481615608669159
22,0.95,0.5,0.765957446808511,0.481615608669159
22,1,0.5,0.765957446808511,0.481615608669159
23,0.05,0.5,0.808510638297872,0.465871306852851
23,0.1,0.5,0.74468085106383,0.432576724108515
23,0.15,0.5,0.765957446808511,0.42726052196473
23,0.2,0.5,0.765957446808511,0.428439521891992
23,0.25,0.5,0.765957446808511,0.429645516835952
23,0.3,0.5,0.765957446808511,0.431509866312936
23,0.35,0.5,0.808510638297872,0.443204367879799
23,0.4,0.5,0.808510638297872,0.443204367879799
23,0.45,0.5,0.808510638297872,0.443204367879799
23,0.5,0.5,0.808510638297872,0.443204367879799
23,0.55,0.5,0.808510638297872,0.443204367879799
23,0.6,0.5,0.808510638297872,0.451463157119038
23,0.65,0.5,0.808510638297872,0.451463157119038
23,0.7,0.5,0.808510638297872,0.451463157119038
23,0.75,0.5,0.787234042553192,0.458862407150268
23,0.8,0.5,0.787234042553192,0.458862407150268
23,0.85,0.5,0.74468085106383,0.49211514882513
23,0.9,0.5,0.74468085106383,0.49211514882513
23,0.95,0.5,0.74468085106383,0.49211514882513
23,1,0.5,0.74468085106383,0.49211514882513
24,0.05,0.5,0.787234042553192,0.454406913936669
24,0.1,0.5,0.74468085106383,0.43481970888456
24,0.15,0.5,0.74468085106383,0.430758436810428
24,0.2,0.5,0.74468085106383,0.429967918680716
24,0.25,0.5,0.765957446808511,0.424748493678142
24,0.3,0.5,0.765957446808511,0.427430961278104
24,0.35,0.5,0.808510638297872,0.436603945335983
24,0.4,0.5,0.808510638297872,0.436603945335983
24,0.45,0.5,0.808510638297872,0.452250362497147
24,0.5,0.5,0.808510638297872,0.452250362497147
24,0.55,0.5,0.787234042553192,0.465498714540826
24,0.6,0.5,0.787234042553192,0.465498714540826
24,0.65,0.5,0.787234042553192,0.465498714540826
24,0.7,0.5,0.787234042553192,0.465498714540826
24,0.75,0.5,0.787234042553192,0.465498714540826
24,0.8,0.5,0.787234042553192,0.465498714540826
24,0.85,0.5,0.787234042553192,0.465498714540826
24,0.9,0.5,0.787234042553192,0.465498714540826
24,0.95,0.5,0.787234042553192,0.465498714540826
24,1,0.5,0.787234042553192,0.465498714540826
25,0.05,0.5,0.829787234042553,0.434743917237513
25,0.1,0.5,0.74468085106383,0.43337566527558
25,0.15,0.5,0.74468085106383,0.43337566527558
25,0.2,0.5,0.74468085106383,0.433858725689578
25,0.25,0.5,0.765957446808511,0.435490961452549
25,0.3,0.5,0.808510638297872,0.43715669498079
25,0.35,0.5,0.808510638297872,0.442548342723484
25,0.4,0.5,0.808510638297872,0.442548342723484
25,0.45,0.5,0.808510638297872,0.442548342723484
25,0.5,0.5,0.808510638297872,0.442548342723484
25,0.55,0.5,0.808510638297872,0.442548342723484
25,0.6,0.5,0.808510638297872,0.442548342723484
25,0.65,0.5,0.765957446808511,0.45800405002138
25,0.7,0.5,0.765957446808511,0.45800405002138
25,0.75,0.5,0.765957446808511,0.45800405002138
25,0.8,0.5,0.765957446808511,0.45800405002138
25,0.85,0.5,0.765957446808511,0.45800405002138
25,0.9,0.5,0.765957446808511,0.45800405002138
25,0.95,0.5,0.765957446808511,0.45800405002138
25,1,0.5,0.765957446808511,0.45800405002138
26,0.05,0.5,0.74468085106383,0.501051944793923
26,0.1,0.5,0.765957446808511,0.432066428186781
26,0.15,0.5,0.765957446808511,0.429852627464147
26,0.2,0.5,0.74468085106383,0.429633262379846
26,0.25,0.5,0.74468085106383,0.429003846298897
26,0.3,0.5,0.74468085106383,0.429003846298897
26,0.35,0.5,0.74468085106383,0.429003846298897
26,0.4,0.5,0.765957446808511,0.425517730036008
26,0.45,0.5,0.765957446808511,0.425517730036008
26,0.5,0.5,0.808510638297872,0.436298993231063
26,0.55,0.5,0.808510638297872,0.439051259402336
26,0.6,0.5,0.808510638297872,0.439051259402336
26,0.65,0.5,0.808510638297872,0.439051259402336
26,0.7,0.5,0.808510638297872,0.439051259402336
26,0.75,0.5,0.808510638297872,0.439051259402336
26,0.8,0.5,0.787234042553192,0.457288079054995
26,0.85,0.5,0.787234042553192,0.457288079054995
26,0.9,0.5,0.787234042553192,0.457288079054995
26,0.95,0.5,0.787234042553192,0.457288079054995
26,1,0.5,0.787234042553192,0.457288079054995
27,0.05,0.5,0.765957446808511,0.429971177349533
27,0.1,0.5,0.765957446808511,0.429117008928783
27,0.15,0.5,0.765957446808511,0.428450059465926
27,0.2,0.5,0.74468085106383,0.428843138234268
27,0.25,0.5,0.74468085106383,0.428843138234268
27,0.3,0.5,0.74468085106383,0.428540777726547
27,0.35,0.5,0.765957446808511,0.428619631315354
27,0.4,0.5,0.787234042553192,0.425779263854511
27,0.45,0.5,0.808510638297872,0.428380171460876
27,0.5,0.5,0.808510638297872,0.439666503475987
27,0.55,0.5,0.808510638297872,0.439666503475987
27,0.6,0.5,0.808510638297872,0.439666503475987
27,0.65,0.5,0.808510638297872,0.439666503475987
27,0.7,0.5,0.808510638297872,0.439666503475987
27,0.75,0.5,0.787234042553192,0.452987625771489
27,0.8,0.5,0.787234042553192,0.452987625771489
27,0.85,0.5,0.74468085106383,0.4744535033926
27,0.9,0.5,0.74468085106383,0.4744535033926
27,0.95,0.5,0.74468085106383,0.4744535033926
27,1,0.5,0.74468085106383,0.4744535033926
28,0.05,0.5,0.74468085106383,0.431804505269622
28,0.1,0.5,0.74468085106383,0.430205443046071
28,0.15,0.5,0.74468085106383,0.430396040467617
28,0.2,0.5,0.74468085106383,0.430325166000658
28,0.25,0.5,0.74468085106383,0.430325166000658
28,0.3,0.5,0.74468085106383,0.430325166000658
28,0.35,0.5,0.765957446808511,0.434797876855593
28,0.4,0.5,0.765957446808511,0.434797876855593
28,0.45,0.5,0.765957446808511,0.434797876855593
28,0.5,0.5,0.808510638297872,0.448035075362286
28,0.55,0.5,0.808510638297872,0.458392943399458
28,0.6,0.5,0.808510638297872,0.458392943399458
28,0.65,0.5,0.74468085106383,0.484986626757072
28,0.7,0.5,0.74468085106383,0.484986626757072
28,0.75,0.5,0.74468085106383,0.484986626757072
28,0.8,0.5,0.74468085106383,0.484986626757072
28,0.85,0.5,0.74468085106383,0.484986626757072
28,0.9,0.5,0.74468085106383,0.484986626757072
28,0.95,0.5,0.74468085106383,0.484986626757072
28,1,0.5,0.74468085106383,0.484986626757072
29,0.05,0.5,0.74468085106383,0.434719173563479
29,0.1,0.5,0.74468085106383,0.434379380013808
29,0.15,0.5,0.74468085106383,0.435032958482392
29,0.2,0.5,0.74468085106383,0.429580632148645
29,0.25,0.5,0.74468085106383,0.429580632148645
29,0.3,0.5,0.74468085106383,0.429580632148645
29,0.35,0.5,0.74468085106383,0.42626850454827
29,0.4,0.5,0.808510638297872,0.42215459236478
29,0.45,0.5,0.808510638297872,0.42215459236478
29,0.5,0.5,0.808510638297872,0.42215459236478
29,0.55,0.5,0.74468085106383,0.444923048070668
29,0.6,0.5,0.74468085106383,0.444923048070668
29,0.65,0.5,0.74468085106383,0.444923048070668
29,0.7,0.5,0.74468085106383,0.461749786787858
29,0.75,0.5,0.74468085106383,0.461749786787858
29,0.8,0.5,0.74468085106383,0.461749786787858
29,0.85,0.5,0.74468085106383,0.461749786787858
29,0.9,0.5,0.74468085106383,0.461749786787858
29,0.95,0.5,0.74468085106383,0.461749786787858
29,1,0.5,0.74468085106383,0.461749786787858
30,0.05,0.5,0.74468085106383,0.431534849042155
30,0.1,0.5,0.74468085106383,0.433751840528898
30,0.15,0.5,0.74468085106383,0.432213898902045
30,0.2,0.5,0.74468085106383,0.428174398829241
30,0.25,0.5,0.74468085106383,0.427983952065742
30,0.3,0.5,0.808510638297872,0.429616482327928
30,0.35,0.5,0.808510638297872,0.429616482327928
30,0.4,0.5,0.808510638297872,0.429616482327928
30,0.45,0.5,0.808510638297872,0.429616482327928
30,0.5,0.5,0.765957446808511,0.429127281133454
30,0.55,0.5,0.765957446808511,0.429127281133454
30,0.6,0.5,0.765957446808511,0.429127281133454
30,0.65,0.5,0.765957446808511,0.429127281133454
30,0.7,0.5,0.765957446808511,0.429127281133454
30,0.75,0.5,0.765957446808511,0.429127281133454
30,0.8,0.5,0.765957446808511,0.444619199062265
30,0.85,0.5,0.765957446808511,0.444619199062265
30,0.9,0.5,0.74468085106383,0.460081461384533
30,0.95,0.5,0.74468085106383,0.460081461384533
30,1,0.5,0.74468085106383,0.460081461384533
31,0.05,0.5,0.723404255319149,0.532900255369527
31,0.1,0.5,0.74468085106383,0.432370405680322
31,0.15,0.5,0.74468085106383,0.433277858177233
31,0.2,0.5,0.74468085106383,0.434063248155762
31,0.25,0.5,0.74468085106383,0.432941634950807
31,0.3,0.5,0.74468085106383,0.432941634950807
31,0.35,0.5,0.808510638297872,0.429105260332798
31,0.4,0.5,0.808510638297872,0.429105260332798
31,0.45,0.5,0.808510638297872,0.429105260332798
31,0.5,0.5,0.808510638297872,0.429105260332798
31,0.55,0.5,0.808510638297872,0.429105260332798
31,0.6,0.5,0.808510638297872,0.439008186870242
31,0.65,0.5,0.808510638297872,0.439008186870242
31,0.7,0.5,0.808510638297872,0.439008186870242
31,0.75,0.5,0.808510638297872,0.439008186870242
31,0.8,0.5,0.787234042553192,0.439878280182514
31,0.85,0.5,0.787234042553192,0.439878280182514
31,0.9,0.5,0.787234042553192,0.439878280182514
31,0.95,0.5,0.787234042553192,0.439878280182514
31,1,0.5,0.765957446808511,0.452294739593464
32,0.05,0.5,0.787234042553192,0.447080577462328
32,0.1,0.5,0.74468085106383,0.430904216745133
32,0.15,0.5,0.74468085106383,0.4302902289871
32,0.2,0.5,0.74468085106383,0.4302902289871
32,0.25,0.5,0.74468085106383,0.433250358674626
32,0.3,0.5,0.808510638297872,0.438032373910135
32,0.35,0.5,0.808510638297872,0.436164959219908
32,0.4,0.5,0.808510638297872,0.436164959219908
32,0.45,0.5,0.787234042553192,0.443801118874845
32,0.5,0.5,0.765957446808511,0.449956562252974
32,0.55,0.5,0.765957446808511,0.456856982100175
32,0.6,0.5,0.765957446808511,0.456856982100175
32,0.65,0.5,0.765957446808511,0.456856982100175
32,0.7,0.5,0.765957446808511,0.456856982100175
32,0.75,0.5,0.765957446808511,0.456856982100175
32,0.8,0.5,0.74468085106383,0.491057978722237
32,0.85,0.5,0.74468085106383,0.491057978722237
32,0.9,0.5,0.74468085106383,0.491057978722237
32,0.95,0.5,0.74468085106383,0.491057978722237
32,1,0.5,0.74468085106383,0.491057978722237
33,0.05,0.5,0.829787234042553,0.443579063681481
33,0.1,0.5,0.765957446808511,0.433424806655944
33,0.15,0.5,0.74468085106383,0.432038393877802
33,0.2,0.5,0.74468085106383,0.431267174052064
33,0.25,0.5,0.74468085106383,0.431267174052064
33,0.3,0.5,0.74468085106383,0.429203140532853
33,0.35,0.5,0.74468085106383,0.429203140532853
33,0.4,0.5,0.787234042553192,0.430278881108057
33,0.45,0.5,0.787234042553192,0.430278881108057
33,0.5,0.5,0.787234042553192,0.430278881108057
33,0.55,0.5,0.787234042553192,0.430278881108057
33,0.6,0.5,0.787234042553192,0.430278881108057
33,0.65,0.5,0.787234042553192,0.430278881108057
33,0.7,0.5,0.765957446808511,0.435872958638285
33,0.75,0.5,0.765957446808511,0.435872958638285
33,0.8,0.5,0.765957446808511,0.443762073987774
33,0.85,0.5,0.74468085106383,0.448163347172087
33,0.9,0.5,0.74468085106383,0.457408602455443
33,0.95,0.5,0.74468085106383,0.457408602455443
33,1,0.5,0.74468085106383,0.484006267557793
34,0.05,0.5,0.808510638297872,0.445262366566675
34,0.1,0.5,0.74468085106383,0.429638761192012
34,0.15,0.5,0.74468085106383,0.429638761192012
34,0.2,0.5,0.74468085106383,0.431532683258776
34,0.25,0.5,0.74468085106383,0.430201161938481
34,0.3,0.5,0.74468085106383,0.437496541019847
34,0.35,0.5,0.74468085106383,0.437496541019847
34,0.4,0.5,0.765957446808511,0.448509868813979
34,0.45,0.5,0.765957446808511,0.448509868813979
34,0.5,0.5,0.765957446808511,0.448509868813979
34,0.55,0.5,0.765957446808511,0.448509868813979
34,0.6,0.5,0.808510638297872,0.465539304494706
34,0.65,0.5,0.808510638297872,0.465539304494706
34,0.7,0.5,0.808510638297872,0.465539304494706
34,0.75,0.5,0.808510638297872,0.465539304494706
34,0.8,0.5,0.808510638297872,0.465539304494706
34,0.85,0.5,0.808510638297872,0.465539304494706
34,0.9,0.5,0.808510638297872,0.465539304494706
34,0.95,0.5,0.808510638297872,0.465539304494706
34,1,0.5,0.808510638297872,0.465539304494706
35,0.05,0.5,0.765957446808511,0.435124722328813
35,0.1,0.5,0.765957446808511,0.434174562731866
35,0.15,0.5,0.765957446808511,0.434006846380317
35,0.2,0.5,0.74468085106383,0.43252394166217
35,0.25,0.5,0.74468085106383,0.43252394166217
35,0.3,0.5,0.74468085106383,0.422643411890558
35,0.35,0.5,0.808510638297872,0.4303309070785
35,0.4,0.5,0.808510638297872,0.4303309070785
35,0.45,0.5,0.808510638297872,0.4303309070785
35,0.5,0.5,0.765957446808511,0.444681923876649
35,0.55,0.5,0.765957446808511,0.444681923876649
35,0.6,0.5,0.74468085106383,0.459960995795617
35,0.65,0.5,0.74468085106383,0.459960995795617
35,0.7,0.5,0.74468085106383,0.459960995795617
35,0.75,0.5,0.74468085106383,0.459960995795617
35,0.8,0.5,0.74468085106383,0.459960995795617
35,0.85,0.5,0.74468085106383,0.459960995795617
35,0.9,0.5,0.74468085106383,0.459960995795617
35,0.95,0.5,0.74468085106383,0.459960995795617
35,1,0.5,0.74468085106383,0.459960995795617
36,0.05,0.5,0.765957446808511,0.431882821252712
36,0.1,0.5,0.765957446808511,0.430030741035107
36,0.15,0.5,0.765957446808511,0.430123683446874
36,0.2,0.5,0.765957446808511,0.432773826676523
36,0.25,0.5,0.74468085106383,0.43243240181396
36,0.3,0.5,0.74468085106383,0.43243240181396
36,0.35,0.5,0.74468085106383,0.43243240181396
36,0.4,0.5,0.74468085106383,0.43243240181396
36,0.45,0.5,0.787234042553192,0.437992532762474
36,0.5,0.5,0.787234042553192,0.437992532762474
36,0.55,0.5,0.765957446808511,0.44871608090207
36,0.6,0.5,0.765957446808511,0.44871608090207
36,0.65,0.5,0.765957446808511,0.44871608090207
36,0.7,0.5,0.765957446808511,0.44871608090207
36,0.75,0.5,0.765957446808511,0.44871608090207
36,0.8,0.5,0.765957446808511,0.44871608090207
36,0.85,0.5,0.765957446808511,0.44871608090207
36,0.9,0.5,0.765957446808511,0.44871608090207
36,0.95,0.5,0.74468085106383,0.460733798421535
36,1,0.5,0.74468085106383,0.460733798421535
37,0.05,0.5,0.765957446808511,0.431956056383068
37,0.1,0.5,0.74468085106383,0.430994121066128
37,0.15,0.5,0.74468085106383,0.430994121066128
37,0.2,0.5,0.74468085106383,0.431523258476138
37,0.25,0.5,0.74468085106383,0.417827193573724
37,0.3,0.5,0.787234042553192,0.438820205233033
37,0.35,0.5,0.787234042553192,0.438820205233033
37,0.4,0.5,0.787234042553192,0.443635036703485
37,0.45,0.5,0.723404255319149,0.456369980481822
37,0.5,0.5,0.723404255319149,0.456369980481822
37,0.55,0.5,0.723404255319149,0.461401326377006
37,0.6,0.5,0.723404255319149,0.461401326377006
37,0.65,0.5,0.723404255319149,0.467242422031434
37,0.7,0.5,0.723404255319149,0.467242422031434
37,0.75,0.5,0.723404255319149,0.467242422031434
37,0.8,0.5,0.723404255319149,0.467242422031434
37,0.85,0.5,0.723404255319149,0.467242422031434
37,0.9,0.5,0.723404255319149,0.467242422031434
37,0.95,0.5,0.723404255319149,0.467242422031434
37,1,0.5,0.723404255319149,0.467242422031434
38,0.05,0.5,0.74468085106383,0.536709099613232
38,0.1,0.5,0.765957446808511,0.431416628683347
38,0.15,0.5,0.765957446808511,0.429505912124016
38,0.2,0.5,0.765957446808511,0.429505912124016
38,0.25,0.5,0.74468085106383,0.427440551068584
38,0.3,0.5,0.74468085106383,0.427440551068584
38,0.35,0.5,0.74468085106383,0.42566784378812
38,0.4,0.5,0.808510638297872,0.421446536851505
38,0.45,0.5,0.808510638297872,0.421446536851505
38,0.5,0.5,0.808510638297872,0.421446536851505
38,0.55,0.5,0.765957446808511,0.449126226400273
38,0.6,0.5,0.765957446808511,0.449126226400273
38,0.65,0.5,0.765957446808511,0.449126226400273
38,0.7,0.5,0.765957446808511,0.449126226400273
38,0.75,0.5,0.765957446808511,0.449126226400273
38,0.8,0.5,0.765957446808511,0.449126226400273
38,0.85,0.5,0.765957446808511,0.449126226400273
38,0.9,0.5,0.765957446808511,0.449126226400273
38,0.95,0.5,0.765957446808511,0.449126226400273
38,1,0.5,0.765957446808511,0.449126226400273
39,0.05,0.5,0.765957446808511,0.432521667817864
39,0.1,0.5,0.765957446808511,0.43409429981148
39,0.15,0.5,0.765957446808511,0.432004785827444
39,0.2,0.5,0.74468085106383,0.432846510543125
39,0.25,0.5,0.787234042553192,0.434127933168705
39,0.3,0.5,0.787234042553192,0.434127933168705
39,0.35,0.5,0.808510638297872,0.436061022505971
39,0.4,0.5,0.787234042553192,0.442275199785688
39,0.45,0.5,0.787234042553192,0.442275199785688
39,0.5,0.5,0.74468085106383,0.460719004462253
39,0.55,0.5,0.74468085106383,0.460719004462253
39,0.6,0.5,0.74468085106383,0.460719004462253
39,0.65,0.5,0.74468085106383,0.460719004462253
39,0.7,0.5,0.74468085106383,0.460719004462253
39,0.75,0.5,0.74468085106383,0.460719004462253
39,0.8,0.5,0.74468085106383,0.460719004462253
39,0.85,0.5,0.74468085106383,0.472542974750413
39,0.9,0.5,0.74468085106383,0.472542974750413
39,0.95,0.5,0.74468085106383,0.472542974750413
39,1,0.5,0.74468085106383,0.472542974750413
40,0.05,0.5,0.808510638297872,0.454971256338329
40,0.1,0.5,0.765957446808511,0.431946534613699
40,0.15,0.5,0.765957446808511,0.432363315269579
40,0.2,0.5,0.765957446808511,0.432670769467535
40,0.25,0.5,0.74468085106383,0.432589046469085
40,0.3,0.5,0.74468085106383,0.429643379106425
40,0.35,0.5,0.74468085106383,0.429643379106425
40,0.4,0.5,0.74468085106383,0.429643379106425
40,0.45,0.5,0.765957446808511,0.432151662386206
40,0.5,0.5,0.787234042553192,0.439005761347244
40,0.55,0.5,0.74468085106383,0.44596979770836
40,0.6,0.5,0.74468085106383,0.44596979770836
40,0.65,0.5,0.74468085106383,0.453563711222162
40,0.7,0.5,0.74468085106383,0.453563711222162
40,0.75,0.5,0.74468085106383,0.456955832237581
40,0.8,0.5,0.74468085106383,0.460549728119681
40,0.85,0.5,0.74468085106383,0.463589005131819
40,0.9,0.5,0.74468085106383,0.468680992631579
40,0.95,0.5,0.74468085106383,0.471909940788175
40,1,0.5,0.74468085106383,0.471909940788175
41,0.05,0.5,0.829787234042553,0.445961632486863
41,0.1,0.5,0.74468085106383,0.432490952223869
41,0.15,0.5,0.74468085106383,0.429197625536734
41,0.2,0.5,0.74468085106383,0.42762352136522
41,0.25,0.5,0.765957446808511,0.422523030378458
41,0.3,0.5,0.808510638297872,0.446885889071634
41,0.35,0.5,0.808510638297872,0.446885889071634
41,0.4,0.5,0.808510638297872,0.446885889071634
41,0.45,0.5,0.808510638297872,0.446885889071634
41,0.5,0.5,0.808510638297872,0.446885889071634
41,0.55,0.5,0.808510638297872,0.446885889071634
41,0.6,0.5,0.808510638297872,0.446885889071634
41,0.65,0.5,0.808510638297872,0.446885889071634
41,0.7,0.5,0.765957446808511,0.468153535750248
41,0.75,0.5,0.765957446808511,0.468153535750248
41,0.8,0.5,0.765957446808511,0.468153535750248
41,0.85,0.5,0.765957446808511,0.468153535750248
41,0.9,0.5,0.765957446808511,0.468153535750248
41,0.95,0.5,0.765957446808511,0.468153535750248
41,1,0.5,0.765957446808511,0.468153535750248
42,0.05,0.5,0.765957446808511,0.434146920418242
42,0.1,0.5,0.74468085106383,0.433792577246084
42,0.15,0.5,0.74468085106383,0.433048476143949
42,0.2,0.5,0.74468085106383,0.433048476143949
42,0.25,0.5,0.74468085106383,0.432021512276045
42,0.3,0.5,0.74468085106383,0.428723343095156
42,0.35,0.5,0.808510638297872,0.428784393415548
42,0.4,0.5,0.808510638297872,0.428784393415548
42,0.45,0.5,0.808510638297872,0.428784393415548
42,0.5,0.5,0.808510638297872,0.428784393415548
42,0.55,0.5,0.808510638297872,0.428784393415548
42,0.6,0.5,0.808510638297872,0.426124322909094
42,0.65,0.5,0.765957446808511,0.427269695634032
42,0.7,0.5,0.765957446808511,0.427269695634032
42,0.75,0.5,0.74468085106383,0.452319358639336
42,0.8,0.5,0.74468085106383,0.452319358639336
42,0.85,0.5,0.74468085106383,0.46576645810457
42,0.9,0.5,0.74468085106383,0.46576645810457
42,0.95,0.5,0.74468085106383,0.46576645810457
42,1,0.5,0.74468085106383,0.46576645810457
43,0.05,0.5,0.787234042553192,0.443844257531178
43,0.1,0.5,0.765957446808511,0.433345574237449
43,0.15,0.5,0.765957446808511,0.434953997332821
43,0.2,0.5,0.74468085106383,0.435246163980953
43,0.25,0.5,0.765957446808511,0.433765960544025
43,0.3,0.5,0.765957446808511,0.433765960544025
43,0.35,0.5,0.765957446808511,0.433765960544025
43,0.4,0.5,0.808510638297872,0.43391274771546
43,0.45,0.5,0.808510638297872,0.43391274771546
43,0.5,0.5,0.808510638297872,0.433206081528143
43,0.55,0.5,0.808510638297872,0.433206081528143
43,0.6,0.5,0.808510638297872,0.418802978096951
43,0.65,0.5,0.808510638297872,0.418802978096951
43,0.7,0.5,0.808510638297872,0.418802978096951
43,0.75,0.5,0.787234042553192,0.437571409409515
43,0.8,0.5,0.74468085106383,0.458550417233852
43,0.85,0.5,0.74468085106383,0.458550417233852
43,0.9,0.5,0.74468085106383,0.458550417233852
43,0.95,0.5,0.74468085106383,0.458550417233852
43,1,0.5,0.74468085106383,0.458550417233852
44,0.05,0.5,0.829787234042553,0.446797328583969
44,0.1,0.5,0.74468085106383,0.438424305484168
44,0.15,0.5,0.74468085106383,0.435719452843168
44,0.2,0.5,0.74468085106383,0.433721579445114
44,0.25,0.5,0.74468085106383,0.43125779702933
44,0.3,0.5,0.74468085106383,0.43125779702933
44,0.35,0.5,0.74468085106383,0.43125779702933
44,0.4,0.5,0.765957446808511,0.429512708160699
44,0.45,0.5,0.808510638297872,0.429423710911809
44,0.5,0.5,0.808510638297872,0.429423710911809
44,0.55,0.5,0.787234042553192,0.445688722201812
44,0.6,0.5,0.787234042553192,0.445688722201812
44,0.65,0.5,0.787234042553192,0.445688722201812
44,0.7,0.5,0.787234042553192,0.445688722201812
44,0.75,0.5,0.74468085106383,0.454431958279829
44,0.8,0.5,0.74468085106383,0.454431958279829
44,0.85,0.5,0.74468085106383,0.454431958279829
44,0.9,0.5,0.74468085106383,0.454431958279829
44,0.95,0.5,0.74468085106383,0.454431958279829
44,1,0.5,0.74468085106383,0.454431958279829
45,0.05,0.5,0.74468085106383,0.437596763907962
45,0.1,0.5,0.74468085106383,0.437615709642172
45,0.15,0.5,0.74468085106383,0.433735335094977
45,0.2,0.5,0.74468085106383,0.428487037264343
45,0.25,0.5,0.74468085106383,0.424997266411175
45,0.3,0.5,0.74468085106383,0.424997266411175
45,0.35,0.5,0.74468085106383,0.424997266411175
45,0.4,0.5,0.74468085106383,0.426440610082129
45,0.45,0.5,0.74468085106383,0.426440610082129
45,0.5,0.5,0.808510638297872,0.426035932338397
45,0.55,0.5,0.808510638297872,0.426035932338397
45,0.6,0.5,0.808510638297872,0.426035932338397
45,0.65,0.5,0.74468085106383,1.40715860192506
45,0.7,0.5,0.74468085106383,1.40715860192506
45,0.75,0.5,0.74468085106383,1.40715860192506
45,0.8,0.5,0.74468085106383,1.40715860192506
45,0.85,0.5,0.74468085106383,1.40715860192506
45,0.9,0.5,0.74468085106383,1.40715860192506
45,0.95,0.5,0.74468085106383,1.40715860192506
45,1,0.5,0.74468085106383,1.40715860192506
46,0.05,0.5,0.723404255319149,0.568482580164874
46,0.1,0.5,0.74468085106383,0.430968789064403
46,0.15,0.5,0.74468085106383,0.430087487902328
46,0.2,0.5,0.74468085106383,0.429078790274326
46,0.25,0.5,0.765957446808511,0.429710328072168
46,0.3,0.5,0.765957446808511,0.429710328072168
46,0.35,0.5,0.765957446808511,0.429710328072168
46,0.4,0.5,0.765957446808511,0.442825927673876
46,0.45,0.5,0.765957446808511,0.442825927673876
46,0.5,0.5,0.765957446808511,0.442825927673876
46,0.55,0.5,0.765957446808511,0.442825927673876
46,0.6,0.5,0.765957446808511,0.442825927673876
46,0.65,0.5,0.765957446808511,0.442825927673876
46,0.7,0.5,0.765957446808511,0.442825927673876
46,0.75,0.5,0.765957446808511,0.442825927673876
46,0.8,0.5,0.765957446808511,0.473870022759885
46,0.85,0.5,0.765957446808511,0.473870022759885
46,0.9,0.5,0.765957446808511,0.473870022759885
46,0.95,0.5,0.765957446808511,0.473870022759885
46,1,0.5,0.765957446808511,0.473870022759885
47,0.05,0.5,0.74468085106383,0.436319821231537
47,0.1,0.5,0.74468085106383,0.430445898586815
47,0.15,0.5,0.74468085106383,0.430445898586815
47,0.2,0.5,0.765957446808511,0.43365379613222
47,0.25,0.5,0.765957446808511,0.43365379613222
47,0.3,0.5,0.765957446808511,0.436722360826128
47,0.35,0.5,0.765957446808511,0.436722360826128
47,0.4,0.5,0.765957446808511,0.436722360826128
47,0.45,0.5,0.787234042553192,0.433715120453711
47,0.5,0.5,0.787234042553192,0.433715120453711
47,0.55,0.5,0.787234042553192,0.433715120453711
47,0.6,0.5,0.787234042553192,0.433715120453711
47,0.65,0.5,0.808510638297872,0.433833247603003
47,0.7,0.5,0.808510638297872,0.433833247603003
47,0.75,0.5,0.808510638297872,0.433833247603003
47,0.8,0.5,0.808510638297872,0.433833247603003
47,0.85,0.5,0.808510638297872,0.433833247603003
47,0.9,0.5,0.765957446808511,0.431104836695153
47,0.95,0.5,0.765957446808511,0.431104836695153
47,1,0.5,0.765957446808511,0.431104836695153
48,0.05,0.5,0.829787234042553,0.450431048220124
48,0.1,0.5,0.74468085106383,0.433533661696112
48,0.15,0.5,0.74468085106383,0.434515049113365
48,0.2,0.5,0.74468085106383,0.434515049113365
48,0.25,0.5,0.74468085106383,0.435837750983169
48,0.3,0.5,0.74468085106383,0.435837750983169
48,0.35,0.5,0.765957446808511,0.439956023479401
48,0.4,0.5,0.74468085106383,0.441459339716961
48,0.45,0.5,0.74468085106383,0.441459339716961
48,0.5,0.5,0.74468085106383,0.441984312514627
48,0.55,0.5,0.74468085106383,0.442694343790956
48,0.6,0.5,0.787234042553192,0.448388088904444
48,0.65,0.5,0.787234042553192,0.448388088904444
48,0.7,0.5,0.787234042553192,0.448388088904444
48,0.75,0.5,0.74468085106383,0.453079248666436
48,0.8,0.5,0.74468085106383,0.453079248666436
48,0.85,0.5,0.74468085106383,0.453079248666436
48,0.9,0.5,0.74468085106383,0.453079248666436
48,0.95,0.5,0.74468085106383,0.453079248666436
48,1,0.5,0.74468085106383,0.453079248666436
49,0.05,0.5,0.765957446808511,0.438296327722702
49,0.1,0.5,0.765957446808511,0.436556526095569
49,0.15,0.5,0.765957446808511,0.433857875438176
49,0.2,0.5,0.74468085106383,0.431851808676423
49,0.25,0.5,0.74468085106383,0.431332289304831
49,0.3,0.5,0.74468085106383,0.431332289304831
49,0.35,0.5,0.808510638297872,0.437783539169075
49,0.4,0.5,0.808510638297872,0.437783539169075
49,0.45,0.5,0.808510638297872,0.437783539169075
49,0.5,0.5,0.808510638297872,0.437783539169075
49,0.55,0.5,0.808510638297872,0.437783539169075
49,0.6,0.5,0.808510638297872,0.434193717881227
49,0.65,0.5,0.808510638297872,0.434193717881227
49,0.7,0.5,0.808510638297872,0.434193717881227
49,0.75,0.5,0.808510638297872,0.434193717881227
49,0.8,0.5,0.808510638297872,0.434193717881227
49,0.85,0.5,0.808510638297872,0.434193717881227
49,0.9,0.5,0.808510638297872,0.434193717881227
49,0.95,0.5,0.808510638297872,0.434193717881227
49,1,0.5,0.808510638297872,0.434193717881227
50,0.05,0.5,0.787234042553192,0.435650694320035
50,0.1,0.5,0.74468085106383,0.436707472514951
50,0.15,0.5,0.74468085106383,0.43691624203086
50,0.2,0.5,0.765957446808511,0.435127107378333
50,0.25,0.5,0.765957446808511,0.435127107378333
50,0.3,0.5,0.765957446808511,0.435127107378333
50,0.35,0.5,0.765957446808511,0.43448317152847
50,0.4,0.5,0.765957446808511,0.43448317152847
50,0.45,0.5,0.765957446808511,0.43448317152847
50,0.5,0.5,0.765957446808511,0.434871561452024
50,0.55,0.5,0.765957446808511,0.434871561452024
50,0.6,0.5,0.765957446808511,0.434871561452024
50,0.65,0.5,0.765957446808511,0.434871561452024
50,0.7,0.5,0.787234042553192,0.431770664571072
50,0.75,0.5,0.787234042553192,0.431770664571072
50,0.8,0.5,0.787234042553192,0.431770664571072
50,0.85,0.5,0.765957446808511,0.470170032079532
50,0.9,0.5,0.765957446808511,0.470170032079532
50,0.95,0.5,0.765957446808511,0.470170032079532
50,1,0.5,0.765957446808511,0.470170032079532
51,0.05,0.5,0.808510638297872,0.435980648040779
51,0.1,0.5,0.74468085106383,0.435363609783079
51,0.15,0.5,0.74468085106383,0.430970056624479
51,0.2,0.5,0.74468085106383,0.430169285541237
51,0.25,0.5,0.74468085106383,0.430169285541237
51,0.3,0.5,0.74468085106383,0.430169285541237
51,0.35,0.5,0.74468085106383,0.430169285541237
51,0.4,0.5,0.74468085106383,0.430169285541237
51,0.45,0.5,0.765957446808511,0.431016305697923
51,0.5,0.5,0.765957446808511,0.431156827677832
51,0.55,0.5,0.765957446808511,0.431156827677832
51,0.6,0.5,0.808510638297872,0.432550359546973
51,0.65,0.5,0.808510638297872,0.432550359546973
51,0.7,0.5,0.808510638297872,0.432550359546973
51,0.75,0.5,0.808510638297872,0.432550359546973
51,0.8,0.5,0.808510638297872,0.433718344997325
51,0.85,0.5,0.74468085106383,0.470155313944953
51,0.9,0.5,0.74468085106383,0.470155313944953
51,0.95,0.5,0.74468085106383,0.510106482104283
51,1,0.5,0.74468085106383,0.510106482104283
52,0.05,0.5,0.74468085106383,0.437213759868732
52,0.1,0.5,0.74468085106383,0.433206997351171
52,0.15,0.5,0.74468085106383,0.434089217937634
52,0.2,0.5,0.74468085106383,0.436751689038551
52,0.25,0.5,0.74468085106383,0.444166611168479
52,0.3,0.5,0.808510638297872,0.450051052090443
52,0.35,0.5,0.808510638297872,0.450051052090443
52,0.4,0.5,0.808510638297872,0.450051052090443
52,0.45,0.5,0.808510638297872,0.450051052090443
52,0.5,0.5,0.808510638297872,0.450051052090443
52,0.55,0.5,0.808510638297872,0.450051052090443
52,0.6,0.5,0.808510638297872,0.450051052090443
52,0.65,0.5,0.808510638297872,0.455505080073581
52,0.7,0.5,0.765957446808511,0.470337292091256
52,0.75,0.5,0.765957446808511,0.470337292091256
52,0.8,0.5,0.765957446808511,0.470337292091256
52,0.85,0.5,0.74468085106383,0.479720779279737
52,0.9,0.5,0.74468085106383,0.479720779279737
52,0.95,0.5,0.74468085106383,0.479720779279737
52,1,0.5,0.74468085106383,0.479720779279737
53,0.05,0.5,0.74468085106383,0.435540765585455
53,0.1,0.5,0.74468085106383,0.430999334173737
53,0.15,0.5,0.765957446808511,0.431089210313753
53,0.2,0.5,0.765957446808511,0.431089210313753
53,0.25,0.5,0.765957446808511,0.431821026036218
53,0.3,0.5,0.808510638297872,0.434283188541758
53,0.35,0.5,0.808510638297872,0.434283188541758
53,0.4,0.5,0.808510638297872,0.434283188541758
53,0.45,0.5,0.808510638297872,0.434283188541758
53,0.5,0.5,0.808510638297872,0.434283188541758
53,0.55,0.5,0.808510638297872,0.434283188541758
53,0.6,0.5,0.765957446808511,0.453819644744674
53,0.65,0.5,0.765957446808511,0.453819644744674
53,0.7,0.5,0.74468085106383,1.29833957719715
53,0.75,0.5,0.74468085106383,1.29833957719715
53,0.8,0.5,0.74468085106383,1.29833957719715
53,0.85,0.5,0.74468085106383,1.29833957719715
53,0.9,0.5,0.74468085106383,1.29833957719715
53,0.95,0.5,0.74468085106383,1.29833957719715
53,1,0.5,0.74468085106383,1.29833957719715
54,0.05,0.5,0.765957446808511,0.433830768424901
54,0.1,0.5,0.765957446808511,0.435099545948505
54,0.15,0.5,0.765957446808511,0.435783527855211
54,0.2,0.5,0.74468085106383,0.431070803734213
54,0.25,0.5,0.74468085106383,0.430774813747901
54,0.3,0.5,0.808510638297872,0.430035379925138
54,0.35,0.5,0.808510638297872,0.430035379925138
54,0.4,0.5,0.808510638297872,0.430035379925138
54,0.45,0.5,0.765957446808511,0.435411604833046
54,0.5,0.5,0.765957446808511,0.435411604833046
54,0.55,0.5,0.765957446808511,0.435411604833046
54,0.6,0.5,0.74468085106383,0.446930271867442
54,0.65,0.5,0.74468085106383,0.446930271867442
54,0.7,0.5,0.74468085106383,0.446930271867442
54,0.75,0.5,0.74468085106383,0.446930271867442
54,0.8,0.5,0.74468085106383,0.446930271867442
54,0.85,0.5,0.74468085106383,0.446930271867442
54,0.9,0.5,0.74468085106383,0.446930271867442
54,0.95,0.5,0.74468085106383,0.446930271867442
54,1,0.5,0.74468085106383,0.446930271867442
55,0.05,0.5,0.808510638297872,0.451564282044882
55,0.1,0.5,0.74468085106383,0.436887757865848
55,0.15,0.5,0.74468085106383,0.437321461010145
55,0.2,0.5,0.74468085106383,0.433039532482846
55,0.25,0.5,0.74468085106383,0.432698758703178
55,0.3,0.5,0.765957446808511,0.431821788955202
55,0.35,0.5,0.787234042553192,0.435077126469143
55,0.4,0.5,0.787234042553192,0.435077126469143
55,0.45,0.5,0.787234042553192,0.435077126469143
55,0.5,0.5,0.787234042553192,0.435077126469143
55,0.55,0.5,0.808510638297872,0.447375678858519
55,0.6,0.5,0.808510638297872,0.447375678858519
55,0.65,0.5,0.808510638297872,0.447375678858519
55,0.7,0.5,0.787234042553192,0.456460889846228
55,0.75,0.5,0.787234042553192,0.456460889846228
55,0.8,0.5,0.787234042553192,0.456460889846228
55,0.85,0.5,0.787234042553192,0.456460889846228
55,0.9,0.5,0.787234042553192,0.456460889846228
55,0.95,0.5,0.787234042553192,0.456460889846228
55,1,0.5,0.74468085106383,0.488562901693189
56,0.05,0.5,0.680851063829787,0.628515462902969
56,0.1,0.5,0.765957446808511,0.429152586511784
56,0.15,0.5,0.765957446808511,0.424986952017986
56,0.2,0.5,0.765957446808511,0.428719059928064
56,0.25,0.5,0.765957446808511,0.428719059928064
56,0.3,0.5,0.765957446808511,0.438182265969736
56,0.35,0.5,0.765957446808511,0.438182265969736
56,0.4,0.5,0.765957446808511,0.438182265969736
56,0.45,0.5,0.765957446808511,0.438182265969736
56,0.5,0.5,0.765957446808511,0.438182265969736
56,0.55,0.5,0.765957446808511,0.438182265969736
56,0.6,0.5,0.765957446808511,0.438182265969736
56,0.65,0.5,0.765957446808511,0.450824088788405
56,0.7,0.5,0.765957446808511,0.450824088788405
56,0.75,0.5,0.765957446808511,0.450824088788405
56,0.8,0.5,0.765957446808511,0.450824088788405
56,0.85,0.5,0.787234042553192,0.469890342459012
56,0.9,0.5,0.787234042553192,0.469890342459012
56,0.95,0.5,0.787234042553192,0.469890342459012
56,1,0.5,0.787234042553192,0.469890342459012
57,0.05,0.5,0.74468085106383,0.514973560730309
57,0.1,0.5,0.765957446808511,0.437824834261261
57,0.15,0.5,0.765957446808511,0.436293416768064
57,0.2,0.5,0.765957446808511,0.433547538409711
57,0.25,0.5,0.765957446808511,0.433547538409711
57,0.3,0.5,0.765957446808511,0.417872402191779
57,0.35,0.5,0.765957446808511,0.417872402191779
57,0.4,0.5,0.765957446808511,0.417872402191779
57,0.45,0.5,0.765957446808511,0.417872402191779
57,0.5,0.5,0.765957446808511,0.412846281100086
57,0.55,0.5,0.765957446808511,0.412846281100086
57,0.6,0.5,0.765957446808511,0.412846281100086
57,0.65,0.5,0.765957446808511,0.412846281100086
57,0.7,0.5,0.787234042553192,0.423719992246305
57,0.75,0.5,0.787234042553192,0.423719992246305
57,0.8,0.5,0.787234042553192,0.435082100437794
57,0.85,0.5,0.787234042553192,0.435082100437794
57,0.9,0.5,0.787234042553192,0.435082100437794
57,0.95,0.5,0.787234042553192,0.435082100437794
57,1,0.5,0.787234042553192,0.435082100437794
58,0.05,0.5,0.829787234042553,0.45833246636575
58,0.1,0.5,0.765957446808511,0.434416215047229
58,0.15,0.5,0.74468085106383,0.430230043395853
58,0.2,0.5,0.74468085106383,0.426681112359544
58,0.25,0.5,0.74468085106383,0.423036473342283
58,0.3,0.5,0.74468085106383,0.423036473342283
58,0.35,0.5,0.765957446808511,0.423699047057527
58,0.4,0.5,0.765957446808511,0.423699047057527
58,0.45,0.5,0.765957446808511,0.423699047057527
58,0.5,0.5,0.765957446808511,0.423699047057527
58,0.55,0.5,0.787234042553192,0.428722450621535
58,0.6,0.5,0.787234042553192,0.428722450621535
58,0.65,0.5,0.787234042553192,0.428722450621535
58,0.7,0.5,0.787234042553192,0.434178100079841
58,0.75,0.5,0.787234042553192,0.434178100079841
58,0.8,0.5,0.787234042553192,0.434178100079841
58,0.85,0.5,0.765957446808511,0.444880822941683
58,0.9,0.5,0.74468085106383,0.453854888858339
58,0.95,0.5,0.74468085106383,0.453854888858339
58,1,0.5,0.74468085106383,0.453854888858339
59,0.05,0.5,0.851063829787234,0.445091419113702
59,0.1,0.5,0.74468085106383,0.430287884564937
59,0.15,0.5,0.74468085106383,0.428692418422593
59,0.2,0.5,0.74468085106383,0.427604127182016
59,0.25,0.5,0.74468085106383,0.427604127182016
59,0.3,0.5,0.74468085106383,0.422486795966938
59,0.35,0.5,0.74468085106383,0.421604739700821
59,0.4,0.5,0.787234042553192,0.418017846297595
59,0.45,0.5,0.787234042553192,0.418017846297595
59,0.5,0.5,0.787234042553192,0.418017846297595
59,0.55,0.5,0.787234042553192,0.418017846297595
59,0.6,0.5,0.787234042553192,0.426661975408399
59,0.65,0.5,0.787234042553192,0.426661975408399
59,0.7,0.5,0.787234042553192,0.426661975408399
59,0.75,0.5,0.787234042553192,0.426661975408399
59,0.8,0.5,0.787234042553192,0.433457264892436
59,0.85,0.5,0.787234042553192,0.433457264892436
59,0.9,0.5,0.787234042553192,0.433457264892436
59,0.95,0.5,0.787234042553192,0.440315931933211
59,1,0.5,0.787234042553192,0.440315931933211
60,0.05,0.5,0.765957446808511,0.432688051478579
60,0.1,0.5,0.765957446808511,0.433251981209117
60,0.15,0.5,0.765957446808511,0.434112001893824
60,0.2,0.5,0.765957446808511,0.432810014206067
60,0.25,0.5,0.74468085106383,0.431926723924661
60,0.3,0.5,0.74468085106383,0.431926723924661
60,0.35,0.5,0.787234042553192,0.43075558057698
60,0.4,0.5,0.787234042553192,0.43075558057698
60,0.45,0.5,0.787234042553192,0.43075558057698
60,0.5,0.5,0.787234042553192,0.435315160533852
60,0.55,0.5,0.787234042553192,0.435315160533852
60,0.6,0.5,0.787234042553192,0.435315160533852
60,0.65,0.5,0.765957446808511,0.445179748667745
60,0.7,0.5,0.765957446808511,0.445179748667745
60,0.75,0.5,0.765957446808511,0.445179748667745
60,0.8,0.5,0.765957446808511,0.445179748667745
60,0.85,0.5,0.723404255319149,0.455030981026187
60,0.9,0.5,0.723404255319149,0.455030981026187
60,0.95,0.5,0.723404255319149,0.460530425233737
60,1,0.5,0.723404255319149,0.460530425233737
61,0.05,0.5,0.765957446808511,0.510129895609917
61,0.1,0.5,0.765957446808511,0.426979069299825
61,0.15,0.5,0.765957446808511,0.426979069299825
61,0.2,0.5,0.74468085106383,0.427137852303751
61,0.25,0.5,0.74468085106383,0.427085744063649
61,0.3,0.5,0.74468085106383,0.427085744063649
61,0.35,0.5,0.74468085106383,0.427085744063649
61,0.4,0.5,0.74468085106383,0.427085744063649
61,0.45,0.5,0.765957446808511,0.426695034697574
61,0.5,0.5,0.787234042553192,0.426648521492527
61,0.55,0.5,0.808510638297872,0.436014998720796
61,0.6,0.5,0.765957446808511,0.441539726906224
61,0.65,0.5,0.765957446808511,0.441539726906224
61,0.7,0.5,0.765957446808511,0.441539726906224
61,0.75,0.5,0.74468085106383,0.456614574140843
61,0.8,0.5,0.74468085106383,0.456614574140843
61,0.85,0.5,0.74468085106383,0.456614574140843
61,0.9,0.5,0.74468085106383,0.456614574140843
61,0.95,0.5,0.74468085106383,0.477389030920423
61,1,0.5,0.74468085106383,0.477389030920423
62,0.05,0.5,0.765957446808511,0.434747701720181
62,0.1,0.5,0.765957446808511,0.428560372783235
62,0.15,0.5,0.765957446808511,0.429869640971421
62,0.2,0.5,0.765957446808511,0.432128550519953
62,0.25,0.5,0.765957446808511,0.435653783188865
62,0.3,0.5,0.765957446808511,0.435653783188865
62,0.35,0.5,0.787234042553192,0.440547729965788
62,0.4,0.5,0.787234042553192,0.440547729965788
62,0.45,0.5,0.787234042553192,0.441977953067946
62,0.5,0.5,0.723404255319149,0.453081287444608
62,0.55,0.5,0.723404255319149,0.453081287444608
62,0.6,0.5,0.74468085106383,1.33409056738159
62,0.65,0.5,0.74468085106383,1.33409056738159
62,0.7,0.5,0.74468085106383,1.33409056738159
62,0.75,0.5,0.74468085106383,1.33409056738159
62,0.8,0.5,0.74468085106383,1.33409056738159
62,0.85,0.5,0.74468085106383,1.33409056738159
62,0.9,0.5,0.74468085106383,1.33409056738159
62,0.95,0.5,0.74468085106383,1.33409056738159
62,1,0.5,0.74468085106383,1.33409056738159
63,0.05,0.5,0.74468085106383,0.43416174587964
63,0.1,0.5,0.74468085106383,0.430239399194584
63,0.15,0.5,0.74468085106383,0.427915660670168
63,0.2,0.5,0.74468085106383,0.429549819635009
63,0.25,0.5,0.74468085106383,0.431434000126455
63,0.3,0.5,0.74468085106383,0.431434000126455
63,0.35,0.5,0.74468085106383,0.431434000126455
63,0.4,0.5,0.787234042553192,0.442503534202934
63,0.45,0.5,0.787234042553192,0.442503534202934
63,0.5,0.5,0.74468085106383,0.448096824474441
63,0.55,0.5,0.74468085106383,0.448096824474441
63,0.6,0.5,0.74468085106383,0.448096824474441
63,0.65,0.5,0.74468085106383,0.452158627377761
63,0.7,0.5,0.74468085106383,0.455048479652875
63,0.75,0.5,0.74468085106383,0.455048479652875
63,0.8,0.5,0.74468085106383,0.455048479652875
63,0.85,0.5,0.74468085106383,0.457602150636012
63,0.9,0.5,0.74468085106383,0.457602150636012
63,0.95,0.5,0.74468085106383,0.457602150636012
63,1,0.5,0.74468085106383,0.457602150636012
64,0.05,0.5,0.74468085106383,0.434066000731274
64,0.1,0.5,0.74468085106383,0.432225758437006
64,0.15,0.5,0.74468085106383,0.426411785121892
64,0.2,0.5,0.74468085106383,0.426411785121892
64,0.25,0.5,0.74468085106383,0.426411785121892
64,0.3,0.5,0.765957446808511,0.430216655063952
64,0.35,0.5,0.765957446808511,0.433676944478817
64,0.4,0.5,0.765957446808511,0.433676944478817
64,0.45,0.5,0.808510638297872,0.436194291316789
64,0.5,0.5,0.808510638297872,0.436194291316789
64,0.55,0.5,0.808510638297872,0.436194291316789
64,0.6,0.5,0.808510638297872,0.436194291316789
64,0.65,0.5,0.808510638297872,0.436194291316789
64,0.7,0.5,0.808510638297872,0.436194291316789
64,0.75,0.5,0.808510638297872,0.436194291316789
64,0.8,0.5,0.787234042553192,0.435698690129282
64,0.85,0.5,0.787234042553192,0.435698690129282
64,0.9,0.5,0.787234042553192,0.435698690129282
64,0.95,0.5,0.787234042553192,0.435698690129282
64,1,0.5,0.787234042553192,0.435698690129282
65,0.05,0.5,0.851063829787234,0.444753431936201
65,0.1,0.5,0.765957446808511,0.437218862619983
65,0.15,0.5,0.74468085106383,0.430044854123468
65,0.2,0.5,0.74468085106383,0.429988884901699
65,0.25,0.5,0.74468085106383,0.429988884901699
65,0.3,0.5,0.74468085106383,0.429988884901699
65,0.35,0.5,0.74468085106383,0.429988884901699
65,0.4,0.5,0.74468085106383,0.429988884901699
65,0.45,0.5,0.787234042553192,0.438165034631589
65,0.5,0.5,0.787234042553192,0.438165034631589
65,0.55,0.5,0.787234042553192,0.441029735511694
65,0.6,0.5,0.787234042553192,0.441029735511694
65,0.65,0.5,0.74468085106383,0.461481151981949
65,0.7,0.5,0.74468085106383,0.461481151981949
65,0.75,0.5,0.74468085106383,0.461481151981949
65,0.8,0.5,0.74468085106383,0.461481151981949
65,0.85,0.5,0.74468085106383,0.461481151981949
65,0.9,0.5,0.74468085106383,0.461481151981949
65,0.95,0.5,0.74468085106383,0.461481151981949
65,1,0.5,0.74468085106383,0.462764669431538
66,0.05,0.5,0.829787234042553,0.439102411362146
66,0.1,0.5,0.765957446808511,0.432145914314655
66,0.15,0.5,0.765957446808511,0.429292605083998
66,0.2,0.5,0.765957446808511,0.424342599859355
66,0.25,0.5,0.765957446808511,0.424395163011067
66,0.3,0.5,0.765957446808511,0.424395163011067
66,0.35,0.5,0.765957446808511,0.424395163011067
66,0.4,0.5,0.787234042553192,0.427124923741385
66,0.45,0.5,0.787234042553192,0.427124923741385
66,0.5,0.5,0.808510638297872,0.432797640890101
66,0.55,0.5,0.787234042553192,0.435793005275649
66,0.6,0.5,0.787234042553192,0.435793005275649
66,0.65,0.5,0.765957446808511,0.439831240784769
66,0.7,0.5,0.74468085106383,0.45597978745477
66,0.75,0.5,0.74468085106383,0.45597978745477
66,0.8,0.5,0.74468085106383,0.45597978745477
66,0.85,0.5,0.74468085106383,0.45597978745477
66,0.9,0.5,0.74468085106383,0.45597978745477
66,0.95,0.5,0.74468085106383,0.45597978745477
66,1,0.5,0.74468085106383,0.45597978745477
67,0.05,0.5,0.765957446808511,0.427941736763711
67,0.1,0.5,0.765957446808511,0.424723116660689
67,0.15,0.5,0.74468085106383,0.424958546574967
67,0.2,0.5,0.74468085106383,0.425488675943935
67,0.25,0.5,0.74468085106383,0.425488675943935
67,0.3,0.5,0.787234042553192,0.429199833244169
67,0.35,0.5,0.787234042553192,0.429199833244169
67,0.4,0.5,0.787234042553192,0.429199833244169
67,0.45,0.5,0.787234042553192,0.434602964519874
67,0.5,0.5,0.787234042553192,0.434602964519874
67,0.55,0.5,0.808510638297872,0.437432426492894
67,0.6,0.5,0.808510638297872,0.437432426492894
67,0.65,0.5,0.808510638297872,0.437432426492894
67,0.7,0.5,0.787234042553192,0.442714017080069
67,0.75,0.5,0.765957446808511,0.452674261395154
67,0.8,0.5,0.765957446808511,0.462853844126588
67,0.85,0.5,0.765957446808511,0.462853844126588
67,0.9,0.5,0.765957446808511,0.462853844126588
67,0.95,0.5,0.765957446808511,0.464331355352151
67,1,0.5,0.765957446808511,0.464331355352151
68,0.05,0.5,0.765957446808511,0.430756949902676
68,0.1,0.5,0.765957446808511,0.428963709092876
68,0.15,0.5,0.765957446808511,0.427851301492716
68,0.2,0.5,0.765957446808511,0.435538658557198
68,0.25,0.5,0.765957446808511,0.437361246747097
68,0.3,0.5,0.787234042553192,0.43752134792331
68,0.35,0.5,0.787234042553192,0.43752134792331
68,0.4,0.5,0.787234042553192,0.437331137074451
68,0.45,0.5,0.787234042553192,0.440671152947566
68,0.5,0.5,0.787234042553192,0.440671152947566
68,0.55,0.5,0.808510638297872,0.440072680925945
68,0.6,0.5,0.765957446808511,0.437597231099832
68,0.65,0.5,0.765957446808511,0.424802707249846
68,0.7,0.5,0.765957446808511,0.424802707249846
68,0.75,0.5,0.765957446808511,0.424802707249846
68,0.8,0.5,0.765957446808511,0.439658251704943
68,0.85,0.5,0.765957446808511,0.439658251704943
68,0.9,0.5,0.765957446808511,0.439658251704943
68,0.95,0.5,0.765957446808511,0.439658251704943
68,1,0.5,0.765957446808511,0.439658251704943
69,0.05,0.5,0.808510638297872,0.497264402870527
69,0.1,0.5,0.765957446808511,0.434168767530722
69,0.15,0.5,0.765957446808511,0.434866457804615
69,0.2,0.5,0.765957446808511,0.438330272126216
69,0.25,0.5,0.765957446808511,0.441101448620471
69,0.3,0.5,0.74468085106383,0.416746708994102
69,0.35,0.5,0.74468085106383,0.416746708994102
69,0.4,0.5,0.74468085106383,0.412616475846535
69,0.45,0.5,0.74468085106383,0.412616475846535
69,0.5,0.5,0.74468085106383,0.412616475846535
69,0.55,0.5,0.808510638297872,0.407712708545677
69,0.6,0.5,0.808510638297872,0.407712708545677
69,0.65,0.5,0.808510638297872,0.407712708545677
69,0.7,0.5,0.808510638297872,0.407712708545677
69,0.75,0.5,0.808510638297872,0.407712708545677
69,0.8,0.5,0.808510638297872,0.407712708545677
69,0.85,0.5,0.808510638297872,0.407712708545677
69,0.9,0.5,0.808510638297872,0.407712708545677
69,0.95,0.5,0.808510638297872,0.407712708545677
69,1,0.5,0.808510638297872,0.407712708545677
70,0.05,0.5,0.787234042553192,0.508522873975543
70,0.1,0.5,0.74468085106383,0.436028428393165
70,0.15,0.5,0.74468085106383,0.442594383835222
70,0.2,0.5,0.74468085106383,0.441004837337734
70,0.25,0.5,0.74468085106383,0.441004837337734
70,0.3,0.5,0.765957446808511,0.436581837818341
70,0.35,0.5,0.765957446808511,0.436581837818341
70,0.4,0.5,0.765957446808511,0.436581837818341
70,0.45,0.5,0.808510638297872,0.43823900624348
70,0.5,0.5,0.808510638297872,0.43823900624348
70,0.55,0.5,0.808510638297872,0.43823900624348
70,0.6,0.5,0.808510638297872,0.43823900624348
70,0.65,0.5,0.808510638297872,0.43823900624348
70,0.7,0.5,0.808510638297872,0.43823900624348
70,0.75,0.5,0.808510638297872,0.43823900624348
70,0.8,0.5,0.808510638297872,0.43823900624348
70,0.85,0.5,0.808510638297872,0.43823900624348
70,0.9,0.5,0.808510638297872,0.43823900624348
70,0.95,0.5,0.808510638297872,0.43823900624348
70,1,0.5,0.808510638297872,0.43823900624348
71,0.05,0.5,0.765957446808511,0.435125142843903
71,0.1,0.5,0.765957446808511,0.433048773269323
71,0.15,0.5,0.765957446808511,0.428652247354152
71,0.2,0.5,0.765957446808511,0.419596632635866
71,0.25,0.5,0.765957446808511,0.419596632635866
71,0.3,0.5,0.765957446808511,0.417979908746089
71,0.35,0.5,0.765957446808511,0.417979908746089
71,0.4,0.5,0.765957446808511,0.431255898062231
71,0.45,0.5,0.765957446808511,0.431255898062231
71,0.5,0.5,0.765957446808511,0.431255898062231
71,0.55,0.5,0.765957446808511,0.431255898062231
71,0.6,0.5,0.765957446808511,0.450223656781981
71,0.65,0.5,0.765957446808511,0.450223656781981
71,0.7,0.5,0.765957446808511,0.450223656781981
71,0.75,0.5,0.765957446808511,0.450223656781981
71,0.8,0.5,0.765957446808511,0.450223656781981
71,0.85,0.5,0.765957446808511,0.450223656781981
71,0.9,0.5,0.765957446808511,0.450223656781981
71,0.95,0.5,0.765957446808511,0.472843767532314
71,1,0.5,0.765957446808511,0.472843767532314
72,0.05,0.5,0.74468085106383,0.435198710508077
72,0.1,0.5,0.74468085106383,0.431068975837548
72,0.15,0.5,0.74468085106383,0.430819935252801
72,0.2,0.5,0.74468085106383,0.430819935252801
72,0.25,0.5,0.74468085106383,0.43099089416514
72,0.3,0.5,0.765957446808511,0.431227551912645
72,0.35,0.5,0.765957446808511,0.431227551912645
72,0.4,0.5,0.765957446808511,0.432190558273183
72,0.45,0.5,0.808510638297872,0.43400537244779
72,0.5,0.5,0.808510638297872,0.43400537244779
72,0.55,0.5,0.808510638297872,0.43400537244779
72,0.6,0.5,0.765957446808511,0.46913174816931
72,0.65,0.5,0.765957446808511,0.46913174816931
72,0.7,0.5,0.765957446808511,0.46913174816931
72,0.75,0.5,0.765957446808511,0.46913174816931
72,0.8,0.5,0.765957446808511,0.46913174816931
72,0.85,0.5,0.74468085106383,0.488075755392255
72,0.9,0.5,0.74468085106383,0.488075755392255
72,0.95,0.5,0.74468085106383,0.488075755392255
72,1,0.5,0.74468085106383,0.488075755392255
73,0.05,0.5,0.765957446808511,0.489662075936033
73,0.1,0.5,0.765957446808511,0.434067087656422
73,0.15,0.5,0.74468085106383,0.430879265963012
73,0.2,0.5,0.74468085106383,0.428106372547063
73,0.25,0.5,0.74468085106383,0.427716453159364
73,0.3,0.5,0.74468085106383,0.426686878536106
73,0.35,0.5,0.765957446808511,0.444468111997582
73,0.4,0.5,0.765957446808511,0.444468111997582
73,0.45,0.5,0.765957446808511,0.444468111997582
73,0.5,0.5,0.765957446808511,0.444468111997582
73,0.55,0.5,0.787234042553192,0.459076385454766
73,0.6,0.5,0.787234042553192,0.459076385454766
73,0.65,0.5,0.787234042553192,0.459076385454766
73,0.7,0.5,0.787234042553192,0.459076385454766
73,0.75,0.5,0.765957446808511,0.473861399528488
73,0.8,0.5,0.765957446808511,0.473861399528488
73,0.85,0.5,0.765957446808511,0.473861399528488
73,0.9,0.5,0.765957446808511,0.473861399528488
73,0.95,0.5,0.765957446808511,0.473861399528488
73,1,0.5,0.74468085106383,0.500896093325196
74,0.05,0.5,0.765957446808511,0.43341823189675
74,0.1,0.5,0.74468085106383,0.431588724418631
74,0.15,0.5,0.74468085106383,0.431588724418631
74,0.2,0.5,0.74468085106383,0.430710499775004
74,0.25,0.5,0.74468085106383,0.42961129341217
74,0.3,0.5,0.74468085106383,0.42961129341217
74,0.35,0.5,0.74468085106383,0.42961129341217
74,0.4,0.5,0.787234042553192,0.435977108996181
74,0.45,0.5,0.787234042553192,0.439186138056531
74,0.5,0.5,0.787234042553192,0.439186138056531
74,0.55,0.5,0.787234042553192,0.444084232049328
74,0.6,0.5,0.74468085106383,0.447406612822815
74,0.65,0.5,0.723404255319149,0.450549436211985
74,0.7,0.5,0.723404255319149,0.461309195518392
74,0.75,0.5,0.723404255319149,0.461309195518392
74,0.8,0.5,0.723404255319149,0.461309195518392
74,0.85,0.5,0.723404255319149,0.461309195518392
74,0.9,0.5,0.723404255319149,0.461309195518392
74,0.95,0.5,0.723404255319149,0.461309195518392
74,1,0.5,0.723404255319149,0.461309195518392
75,0.05,0.5,0.808510638297872,0.433521857891614
75,0.1,0.5,0.765957446808511,0.434515020274938
75,0.15,0.5,0.74468085106383,0.433701910903619
75,0.2,0.5,0.74468085106383,0.433497299854232
75,0.25,0.5,0.74468085106383,0.433497299854232
75,0.3,0.5,0.74468085106383,0.431196945264607
75,0.35,0.5,0.74468085106383,0.431196945264607
75,0.4,0.5,0.787234042553192,0.439913916695096
75,0.45,0.5,0.787234042553192,0.439913916695096
75,0.5,0.5,0.787234042553192,0.439913916695096
75,0.55,0.5,0.787234042553192,0.439913916695096
75,0.6,0.5,0.787234042553192,0.439913916695096
75,0.65,0.5,0.787234042553192,0.439913916695096
75,0.7,0.5,0.787234042553192,0.449599525132051
75,0.75,0.5,0.787234042553192,0.449599525132051
75,0.8,0.5,0.787234042553192,0.449599525132051
75,0.85,0.5,0.787234042553192,0.449599525132051
75,0.9,0.5,0.787234042553192,0.449599525132051
75,0.95,0.5,0.787234042553192,0.449599525132051
75,1,0.5,0.787234042553192,0.449599525132051
76,0.05,0.5,0.680851063829787,0.676273071874175
76,0.1,0.5,0.765957446808511,0.431071684334308
76,0.15,0.5,0.74468085106383,0.429825903739846
76,0.2,0.5,0.74468085106383,0.428246738171675
76,0.25,0.5,0.74468085106383,0.428246738171675
76,0.3,0.5,0.765957446808511,0.422523890947032
76,0.35,0.5,0.765957446808511,0.421361551872996
76,0.4,0.5,0.765957446808511,0.421361551872996
76,0.45,0.5,0.787234042553192,0.418173041876113
76,0.5,0.5,0.787234042553192,0.418487821776639
76,0.55,0.5,0.808510638297872,0.421489010506426
76,0.6,0.5,0.808510638297872,0.421489010506426
76,0.65,0.5,0.808510638297872,0.421489010506426
76,0.7,0.5,0.808510638297872,0.421489010506426
76,0.75,0.5,0.808510638297872,0.421489010506426
76,0.8,0.5,0.808510638297872,0.421489010506426
76,0.85,0.5,0.808510638297872,0.42364539538583
76,0.9,0.5,0.808510638297872,0.42364539538583
76,0.95,0.5,0.808510638297872,0.42364539538583
76,1,0.5,0.808510638297872,0.429146892830209
77,0.05,0.5,0.808510638297872,0.451114463833964
77,0.1,0.5,0.765957446808511,0.430174189136568
77,0.15,0.5,0.765957446808511,0.431332640968378
77,0.2,0.5,0.74468085106383,1.76594707086254
77,0.25,0.5,0.74468085106383,1.76594707086254
77,0.3,0.5,0.74468085106383,1.76594707086254
77,0.35,0.5,0.74468085106383,1.76594707086254
77,0.4,0.5,0.74468085106383,1.76594707086254
77,0.45,0.5,0.74468085106383,1.76594707086254
77,0.5,0.5,0.74468085106383,1.76594707086254
77,0.55,0.5,0.74468085106383,1.76594707086254
77,0.6,0.5,0.74468085106383,1.76594707086254
77,0.65,0.5,0.74468085106383,1.76594707086254
77,0.7,0.5,0.74468085106383,1.76594707086254
77,0.75,0.5,0.74468085106383,1.76594707086254
77,0.8,0.5,0.74468085106383,1.76594707086254
77,0.85,0.5,0.74468085106383,1.76594707086254
77,0.9,0.5,0.74468085106383,1.76594707086254
77,0.95,0.5,0.74468085106383,1.76594707086254
77,1,0.5,0.74468085106383,1.76594707086254
78,0.05,0.5,0.829787234042553,0.509605426429179
78,0.1,0.5,0.765957446808511,0.431061494643149
78,0.15,0.5,0.765957446808511,0.430365307296063
78,0.2,0.5,0.765957446808511,0.430365307296063
78,0.25,0.5,0.765957446808511,0.427024296036594
78,0.3,0.5,0.765957446808511,0.418268730156175
78,0.35,0.5,0.765957446808511,0.417601572883321
78,0.4,0.5,0.765957446808511,0.417601572883321
78,0.45,0.5,0.765957446808511,0.417601572883321
78,0.5,0.5,0.765957446808511,0.417601572883321
78,0.55,0.5,0.765957446808511,0.417601572883321
78,0.6,0.5,0.74468085106383,1.37064924034634
78,0.65,0.5,0.74468085106383,1.37064924034634
78,0.7,0.5,0.74468085106383,1.37064924034634
78,0.75,0.5,0.74468085106383,1.37064924034634
78,0.8,0.5,0.74468085106383,1.37064924034634
78,0.85,0.5,0.74468085106383,1.37064924034634
78,0.9,0.5,0.74468085106383,1.37064924034634
78,0.95,0.5,0.74468085106383,1.37064924034634
78,1,0.5,0.74468085106383,1.37064924034634
79,0.05,0.5,0.829787234042553,0.444648944287914
79,0.1,0.5,0.74468085106383,0.427599779027224
79,0.15,0.5,0.74468085106383,0.429488159064217
79,0.2,0.5,0.74468085106383,0.431671506176005
79,0.25,0.5,0.74468085106383,0.432565334694821
79,0.3,0.5,0.74468085106383,0.434812433544286
79,0.35,0.5,0.74468085106383,0.434812433544286
79,0.4,0.5,0.765957446808511,0.433915050182433
79,0.45,0.5,0.765957446808511,0.433915050182433
79,0.5,0.5,0.765957446808511,0.433758532048808
79,0.55,0.5,0.765957446808511,0.433758532048808
79,0.6,0.5,0.765957446808511,0.433758532048808
79,0.65,0.5,0.765957446808511,0.433758532048808
79,0.7,0.5,0.765957446808511,0.433758532048808
79,0.75,0.5,0.765957446808511,0.433758532048808
79,0.8,0.5,0.808510638297872,0.42875159432131
79,0.85,0.5,0.808510638297872,0.42875159432131
79,0.9,0.5,0.808510638297872,0.42875159432131
79,0.95,0.5,0.808510638297872,0.42875159432131
79,1,0.5,0.808510638297872,0.42875159432131
80,0.05,0.5,0.829787234042553,0.441855900516429
80,0.1,0.5,0.74468085106383,0.431399772338031
80,0.15,0.5,0.765957446808511,0.426680409099958
80,0.2,0.5,0.765957446808511,0.427923254296377
80,0.25,0.5,0.765957446808511,0.428906879030268
80,0.3,0.5,0.74468085106383,1.53220221628652
80,0.35,0.5,0.74468085106383,1.53220221628652
80,0.4,0.5,0.74468085106383,1.53220221628652
80,0.45,0.5,0.74468085106383,1.53220221628652
80,0.5,0.5,0.74468085106383,1.53220221628652
80,0.55,0.5,0.74468085106383,1.53220221628652
80,0.6,0.5,0.74468085106383,1.53220221628652
80,0.65,0.5,0.74468085106383,1.53220221628652
80,0.7,0.5,0.74468085106383,1.53220221628652
80,0.75,0.5,0.74468085106383,1.53220221628652
80,0.8,0.5,0.74468085106383,1.53220221628652
80,0.85,0.5,0.74468085106383,1.53220221628652
80,0.9,0.5,0.74468085106383,1.53220221628652
80,0.95,0.5,0.74468085106383,1.53220221628652
80,1,0.5,0.74468085106383,1.53220221628652
81,0.05,0.5,0.808510638297872,0.443061577636151
81,0.1,0.5,0.74468085106383,0.432786843098536
81,0.15,0.5,0.74468085106383,0.432009876675676
81,0.2,0.5,0.74468085106383,0.432737183104645
81,0.25,0.5,0.74468085106383,0.433384228032328
81,0.3,0.5,0.74468085106383,0.433384228032328
81,0.35,0.5,0.74468085106383,0.433384228032328
81,0.4,0.5,0.74468085106383,0.43585254102354
81,0.45,0.5,0.787234042553192,0.436971918849643
81,0.5,0.5,0.787234042553192,0.436971918849643
81,0.55,0.5,0.787234042553192,0.436971918849643
81,0.6,0.5,0.787234042553192,0.436971918849643
81,0.65,0.5,0.808510638297872,0.438374976572839
81,0.7,0.5,0.808510638297872,0.438374976572839
81,0.75,0.5,0.808510638297872,0.438374976572839
81,0.8,0.5,0.765957446808511,0.440035045743945
81,0.85,0.5,0.765957446808511,0.440035045743945
81,0.9,0.5,0.765957446808511,0.440035045743945
81,0.95,0.5,0.765957446808511,0.440035045743945
81,1,0.5,0.74468085106383,0.445160828960644
82,0.05,0.5,0.829787234042553,0.450312428123383
82,0.1,0.5,0.74468085106383,0.436397237400854
82,0.15,0.5,0.765957446808511,0.438300302988012
82,0.2,0.5,0.765957446808511,0.439981599930115
82,0.25,0.5,0.765957446808511,0.440235294395848
82,0.3,0.5,0.765957446808511,0.437143359069923
82,0.35,0.5,0.808510638297872,0.434714685521294
82,0.4,0.5,0.808510638297872,0.434714685521294
82,0.45,0.5,0.808510638297872,0.434714685521294
82,0.5,0.5,0.808510638297872,0.434714685521294
82,0.55,0.5,0.808510638297872,0.434714685521294
82,0.6,0.5,0.808510638297872,0.434714685521294
82,0.65,0.5,0.808510638297872,0.423697455077044
82,0.7,0.5,0.765957446808511,0.445083250037355
82,0.75,0.5,0.765957446808511,0.445083250037355
82,0.8,0.5,0.765957446808511,0.445083250037355
82,0.85,0.5,0.765957446808511,0.463981801049087
82,0.9,0.5,0.765957446808511,0.463981801049087
82,0.95,0.5,0.765957446808511,0.463981801049087
82,1,0.5,0.765957446808511,0.463981801049087
83,0.05,0.5,0.808510638297872,0.457000343492225
83,0.1,0.5,0.765957446808511,0.425368788010371
83,0.15,0.5,0.74468085106383,1.66531165058294
83,0.2,0.5,0.74468085106383,1.66531165058294
83,0.25,0.5,0.74468085106383,1.66531165058294
83,0.3,0.5,0.74468085106383,1.66531165058294
83,0.35,0.5,0.74468085106383,1.66531165058294
83,0.4,0.5,0.74468085106383,1.66531165058294
83,0.45,0.5,0.74468085106383,1.66531165058294
83,0.5,0.5,0.74468085106383,1.66531165058294
83,0.55,0.5,0.74468085106383,1.66531165058294
83,0.6,0.5,0.74468085106383,1.66531165058294
83,0.65,0.5,0.74468085106383,1.66531165058294
83,0.7,0.5,0.74468085106383,1.66531165058294
83,0.75,0.5,0.74468085106383,1.66531165058294
83,0.8,0.5,0.74468085106383,1.66531165058294
83,0.85,0.5,0.74468085106383,1.66531165058294
83,0.9,0.5,0.74468085106383,1.66531165058294
83,0.95,0.5,0.74468085106383,1.66531165058294
83,1,0.5,0.74468085106383,1.66531165058294
84,0.05,0.5,0.74468085106383,2.57757640974377
84,0.1,0.5,0.74468085106383,2.57757640974377
84,0.15,0.5,0.74468085106383,2.57757640974377
84,0.2,0.5,0.74468085106383,2.57757640974377
84,0.25,0.5,0.74468085106383,2.57757640974377
84,0.3,0.5,0.74468085106383,2.57757640974377
84,0.35,0.5,0.74468085106383,2.57757640974377
84,0.4,0.5,0.74468085106383,2.57757640974377
84,0.45,0.5,0.74468085106383,2.57757640974377
84,0.5,0.5,0.74468085106383,2.57757640974377
84,0.55,0.5,0.74468085106383,2.57757640974377
84,0.6,0.5,0.74468085106383,2.57757640974377
84,0.65,0.5,0.74468085106383,2.57757640974377
84,0.7,0.5,0.74468085106383,2.57757640974377
84,0.75,0.5,0.74468085106383,2.57757640974377
84,0.8,0.5,0.74468085106383,2.57757640974377
84,0.85,0.5,0.74468085106383,2.57757640974377
84,0.9,0.5,0.74468085106383,2.57757640974377
84,0.95,0.5,0.74468085106383,2.57757640974377
84,1,0.5,0.74468085106383,2.57757640974377
85,0.05,0.5,0.808510638297872,0.441409055149943
85,0.1,0.5,0.74468085106383,0.439916454060944
85,0.15,0.5,0.74468085106383,0.431761655249447
85,0.2,0.5,0.74468085106383,0.431761655249447
85,0.25,0.5,0.765957446808511,0.424842732633756
85,0.3,0.5,0.765957446808511,0.424842732633756
85,0.35,0.5,0.765957446808511,0.424842732633756
85,0.4,0.5,0.765957446808511,0.420179228969716
85,0.45,0.5,0.808510638297872,0.423968805756611
85,0.5,0.5,0.808510638297872,0.423968805756611
85,0.55,0.5,0.808510638297872,0.428176446997073
85,0.6,0.5,0.808510638297872,0.428176446997073
85,0.65,0.5,0.808510638297872,0.428176446997073
85,0.7,0.5,0.808510638297872,0.432788676784765
85,0.75,0.5,0.765957446808511,0.44061550860857
85,0.8,0.5,0.765957446808511,0.44061550860857
85,0.85,0.5,0.765957446808511,0.44061550860857
85,0.9,0.5,0.74468085106383,0.448761259908078
85,0.95,0.5,0.74468085106383,0.448761259908078
85,1,0.5,0.74468085106383,0.448761259908078
86,0.05,0.5,0.829787234042553,0.439088927190484
86,0.1,0.5,0.765957446808511,0.433880924915552
86,0.15,0.5,0.765957446808511,0.430512235761776
86,0.2,0.5,0.765957446808511,0.430512235761776
86,0.25,0.5,0.765957446808511,0.425791645670945
86,0.3,0.5,0.765957446808511,0.425791645670945
86,0.35,0.5,0.765957446808511,0.426890633017611
86,0.4,0.5,0.765957446808511,0.426617371226707
86,0.45,0.5,0.765957446808511,0.426617371226707
86,0.5,0.5,0.74468085106383,0.427355482059793
86,0.55,0.5,0.74468085106383,1.38643180338398
86,0.6,0.5,0.74468085106383,1.38643180338398
86,0.65,0.5,0.74468085106383,1.38643180338398
86,0.7,0.5,0.74468085106383,1.38643180338398
86,0.75,0.5,0.74468085106383,1.38643180338398
86,0.8,0.5,0.74468085106383,1.38643180338398
86,0.85,0.5,0.74468085106383,1.38643180338398
86,0.9,0.5,0.74468085106383,1.38643180338398
86,0.95,0.5,0.74468085106383,1.38643180338398
86,1,0.5,0.74468085106383,1.38643180338398
87,0.05,0.5,0.765957446808511,0.499827429959221
87,0.1,0.5,0.765957446808511,0.430803049334671
87,0.15,0.5,0.765957446808511,0.430803049334671
87,0.2,0.5,0.765957446808511,0.428580936020749
87,0.25,0.5,0.765957446808511,0.428580936020749
87,0.3,0.5,0.765957446808511,0.429269078740299
87,0.35,0.5,0.74468085106383,0.422973461410325
87,0.4,0.5,0.74468085106383,0.422973461410325
87,0.45,0.5,0.74468085106383,0.422973461410325
87,0.5,0.5,0.787234042553192,0.427761909259024
87,0.55,0.5,0.787234042553192,0.448011912024325
87,0.6,0.5,0.787234042553192,0.448011912024325
87,0.65,0.5,0.787234042553192,0.448011912024325
87,0.7,0.5,0.787234042553192,0.448011912024325
87,0.75,0.5,0.787234042553192,0.448011912024325
87,0.8,0.5,0.787234042553192,0.448011912024325
87,0.85,0.5,0.787234042553192,0.448011912024325
87,0.9,0.5,0.787234042553192,0.448011912024325
87,0.95,0.5,0.787234042553192,0.448011912024325
87,1,0.5,0.787234042553192,0.448011912024325
88,0.05,0.5,0.808510638297872,0.456305004150912
88,0.1,0.5,0.765957446808511,0.438104558669774
88,0.15,0.5,0.765957446808511,0.435905142939242
88,0.2,0.5,0.765957446808511,0.438299956900324
88,0.25,0.5,0.765957446808511,0.438299956900324
88,0.3,0.5,0.765957446808511,0.438299956900324
88,0.35,0.5,0.787234042553192,0.440372826540171
88,0.4,0.5,0.787234042553192,0.440372826540171
88,0.45,0.5,0.787234042553192,0.440372826540171
88,0.5,0.5,0.808510638297872,0.441341317655085
88,0.55,0.5,0.808510638297872,0.441341317655085
88,0.6,0.5,0.808510638297872,0.441341317655085
88,0.65,0.5,0.808510638297872,0.441341317655085
88,0.7,0.5,0.808510638297872,0.441341317655085
88,0.75,0.5,0.765957446808511,0.444714739698661
88,0.8,0.5,0.787234042553192,0.445733206568224
88,0.85,0.5,0.787234042553192,0.445733206568224
88,0.9,0.5,0.787234042553192,0.445733206568224
88,0.95,0.5,0.787234042553192,0.445733206568224
88,1,0.5,0.787234042553192,0.445733206568224
89,0.05,0.5,0.680851063829787,0.638096218530314
89,0.1,0.5,0.765957446808511,0.436764988036833
89,0.15,0.5,0.765957446808511,0.430548218898036
89,0.2,0.5,0.765957446808511,0.433094016098281
89,0.25,0.5,0.765957446808511,0.433094016098281
89,0.3,0.5,0.765957446808511,0.435820611265531
89,0.35,0.5,0.765957446808511,0.435820611265531
89,0.4,0.5,0.787234042553192,0.437314900888662
89,0.45,0.5,0.787234042553192,0.437314900888662
89,0.5,0.5,0.808510638297872,0.435684402912243
89,0.55,0.5,0.808510638297872,0.435684402912243
89,0.6,0.5,0.808510638297872,0.435684402912243
89,0.65,0.5,0.808510638297872,0.435684402912243
89,0.7,0.5,0.808510638297872,0.435684402912243
89,0.75,0.5,0.808510638297872,0.435684402912243
89,0.8,0.5,0.787234042553192,0.43545180114896
89,0.85,0.5,0.787234042553192,0.43545180114896
89,0.9,0.5,0.787234042553192,0.43545180114896
89,0.95,0.5,0.787234042553192,0.43545180114896
89,1,0.5,0.787234042553192,0.43545180114896
90,0.05,0.5,0.808510638297872,0.467346841513711
90,0.1,0.5,0.74468085106383,0.43678455560905
90,0.15,0.5,0.765957446808511,0.43744736798844
90,0.2,0.5,0.765957446808511,0.435701722380246
90,0.25,0.5,0.765957446808511,0.435701722380246
90,0.3,0.5,0.765957446808511,0.434065595221182
90,0.35,0.5,0.74468085106383,0.432140242036323
90,0.4,0.5,0.74468085106383,0.43057225914435
90,0.45,0.5,0.74468085106383,0.43057225914435
90,0.5,0.5,0.74468085106383,0.43057225914435
90,0.55,0.5,0.74468085106383,0.43057225914435
90,0.6,0.5,0.74468085106383,0.43057225914435
90,0.65,0.5,0.808510638297872,0.428799081892915
90,0.7,0.5,0.808510638297872,0.428799081892915
90,0.75,0.5,0.808510638297872,0.428799081892915
90,0.8,0.5,0.808510638297872,0.428799081892915
90,0.85,0.5,0.74468085106383,1.36648517674073
90,0.9,0.5,0.74468085106383,1.36648517674073
90,0.95,0.5,0.74468085106383,1.36648517674073
90,1,0.5,0.74468085106383,1.36648517674073
91,0.05,0.5,0.74468085106383,0.632247517862241
91,0.1,0.5,0.74468085106383,1.93338473321123
91,0.15,0.5,0.74468085106383,1.93338473321123
91,0.2,0.5,0.74468085106383,1.93338473321123
91,0.25,0.5,0.74468085106383,1.93338473321123
91,0.3,0.5,0.74468085106383,1.93338473321123
91,0.35,0.5,0.74468085106383,1.93338473321123
91,0.4,0.5,0.74468085106383,1.93338473321123
91,0.45,0.5,0.74468085106383,1.93338473321123
91,0.5,0.5,0.74468085106383,1.93338473321123
91,0.55,0.5,0.74468085106383,1.93338473321123
91,0.6,0.5,0.74468085106383,1.93338473321123
91,0.65,0.5,0.74468085106383,1.93338473321123
91,0.7,0.5,0.74468085106383,1.93338473321123
91,0.75,0.5,0.74468085106383,1.93338473321123
91,0.8,0.5,0.74468085106383,1.93338473321123
91,0.85,0.5,0.74468085106383,1.93338473321123
91,0.9,0.5,0.74468085106383,1.93338473321123
91,0.95,0.5,0.74468085106383,1.93338473321123
91,1,0.5,0.74468085106383,1.93338473321123
92,0.05,0.5,0.74468085106383,2.82342497165073
92,0.1,0.5,0.74468085106383,2.82342497165073
92,0.15,0.5,0.74468085106383,2.82342497165073
92,0.2,0.5,0.74468085106383,2.82342497165073
92,0.25,0.5,0.74468085106383,2.82342497165073
92,0.3,0.5,0.74468085106383,2.82342497165073
92,0.35,0.5,0.74468085106383,2.82342497165073
92,0.4,0.5,0.74468085106383,2.82342497165073
92,0.45,0.5,0.74468085106383,2.82342497165073
92,0.5,0.5,0.74468085106383,2.82342497165073
92,0.55,0.5,0.74468085106383,2.82342497165073
92,0.6,0.5,0.74468085106383,2.82342497165073
92,0.65,0.5,0.74468085106383,2.82342497165073
92,0.7,0.5,0.74468085106383,2.82342497165073
92,0.75,0.5,0.74468085106383,2.82342497165073
92,0.8,0.5,0.74468085106383,2.82342497165073
92,0.85,0.5,0.74468085106383,2.82342497165073
92,0.9,0.5,0.74468085106383,2.82342497165073
92,0.95,0.5,0.74468085106383,2.82342497165073
92,1,0.5,0.74468085106383,2.82342497165073
93,0.05,0.5,0.74468085106383,2.51137174460317
93,0.1,0.5,0.74468085106383,2.51137174460317
93,0.15,0.5,0.74468085106383,2.51137174460317
93,0.2,0.5,0.74468085106383,2.51137174460317
93,0.25,0.5,0.74468085106383,2.51137174460317
93,0.3,0.5,0.74468085106383,2.51137174460317
93,0.35,0.5,0.74468085106383,2.51137174460317
93,0.4,0.5,0.74468085106383,2.51137174460317
93,0.45,0.5,0.74468085106383,2.51137174460317
93,0.5,0.5,0.74468085106383,2.51137174460317
93,0.55,0.5,0.74468085106383,2.51137174460317
93,0.6,0.5,0.74468085106383,2.51137174460317
93,0.65,0.5,0.74468085106383,2.51137174460317
93,0.7,0.5,0.74468085106383,2.51137174460317
93,0.75,0.5,0.74468085106383,2.51137174460317
93,0.8,0.5,0.74468085106383,2.51137174460317
93,0.85,0.5,0.74468085106383,2.51137174460317
93,0.9,0.5,0.74468085106383,2.51137174460317
93,0.95,0.5,0.74468085106383,2.51137174460317
93,1,0.5,0.74468085106383,2.51137174460317
94,0.05,0.5,0.74468085106383,2.68231754311548
94,0.1,0.5,0.74468085106383,2.68231754311548
94,0.15,0.5,0.74468085106383,2.68231754311548
94,0.2,0.5,0.74468085106383,2.68231754311548
94,0.25,0.5,0.74468085106383,2.68231754311548
94,0.3,0.5,0.74468085106383,2.68231754311548
94,0.35,0.5,0.74468085106383,2.68231754311548
94,0.4,0.5,0.74468085106383,2.68231754311548
94,0.45,0.5,0.74468085106383,2.68231754311548
94,0.5,0.5,0.74468085106383,2.68231754311548
94,0.55,0.5,0.74468085106383,2.68231754311548
94,0.6,0.5,0.74468085106383,2.68231754311548
94,0.65,0.5,0.74468085106383,2.68231754311548
94,0.7,0.5,0.74468085106383,2.68231754311548
94,0.75,0.5,0.74468085106383,2.68231754311548
94,0.8,0.5,0.74468085106383,2.68231754311548
94,0.85,0.5,0.74468085106383,2.68231754311548
94,0.9,0.5,0.74468085106383,2.68231754311548
94,0.95,0.5,0.74468085106383,2.68231754311548
94,1,0.5,0.74468085106383,2.68231754311548
95,0.05,0.5,0.787234042553192,0.434349349577183
95,0.1,0.5,0.765957446808511,0.433913743378684
95,0.15,0.5,0.765957446808511,0.433913743378684
95,0.2,0.5,0.765957446808511,0.433913743378684
95,0.25,0.5,0.765957446808511,0.433913743378684
95,0.3,0.5,0.765957446808511,0.433884658207592
95,0.35,0.5,0.765957446808511,0.4334697096678
95,0.4,0.5,0.74468085106383,1.4650562789565
95,0.45,0.5,0.74468085106383,1.4650562789565
95,0.5,0.5,0.74468085106383,1.4650562789565
95,0.55,0.5,0.74468085106383,1.4650562789565
95,0.6,0.5,0.74468085106383,1.4650562789565
95,0.65,0.5,0.74468085106383,1.4650562789565
95,0.7,0.5,0.74468085106383,1.4650562789565
95,0.75,0.5,0.74468085106383,1.4650562789565
95,0.8,0.5,0.74468085106383,1.4650562789565
95,0.85,0.5,0.74468085106383,1.4650562789565
95,0.9,0.5,0.74468085106383,1.4650562789565
95,0.95,0.5,0.74468085106383,1.4650562789565
95,1,0.5,0.74468085106383,1.4650562789565
96,0.05,0.5,0.74468085106383,2.02729302660287
96,0.1,0.5,0.74468085106383,2.02729302660287
96,0.15,0.5,0.74468085106383,2.02729302660287
96,0.2,0.5,0.74468085106383,2.02729302660287
96,0.25,0.5,0.74468085106383,2.02729302660287
96,0.3,0.5,0.74468085106383,2.02729302660287
96,0.35,0.5,0.74468085106383,2.02729302660287
96,0.4,0.5,0.74468085106383,2.02729302660287
96,0.45,0.5,0.74468085106383,2.02729302660287
96,0.5,0.5,0.74468085106383,2.02729302660287
96,0.55,0.5,0.74468085106383,2.02729302660287
96,0.6,0.5,0.74468085106383,2.02729302660287
96,0.65,0.5,0.74468085106383,2.02729302660287
96,0.7,0.5,0.74468085106383,2.02729302660287
96,0.75,0.5,0.74468085106383,2.02729302660287
96,0.8,0.5,0.74468085106383,2.02729302660287
96,0.85,0.5,0.74468085106383,2.02729302660287
96,0.9,0.5,0.74468085106383,2.02729302660287
96,0.95,0.5,0.74468085106383,2.02729302660287
96,1,0.5,0.74468085106383,2.02729302660287
97,0.05,0.5,0.808510638297872,0.444614108006065
97,0.1,0.5,0.74468085106383,0.437050226569155
97,0.15,0.5,0.74468085106383,0.439530219337994
97,0.2,0.5,0.74468085106383,0.441440154248041
97,0.25,0.5,0.74468085106383,0.442078931782809
97,0.3,0.5,0.74468085106383,0.444357303579872
97,0.35,0.5,0.74468085106383,0.444357303579872
97,0.4,0.5,0.74468085106383,0.444357303579872
97,0.45,0.5,0.765957446808511,0.44515790229012
97,0.5,0.5,0.765957446808511,0.44515790229012
97,0.55,0.5,0.787234042553192,0.444275500754772
97,0.6,0.5,0.787234042553192,0.444275500754772
97,0.65,0.5,0.787234042553192,0.444953817579311
97,0.7,0.5,0.787234042553192,0.444953817579311
97,0.75,0.5,0.765957446808511,0.444457781704109
97,0.8,0.5,0.765957446808511,0.445654285283562
97,0.85,0.5,0.74468085106383,1.19253311269616
97,0.9,0.5,0.74468085106383,1.19253311269616
97,0.95,0.5,0.74468085106383,1.19253311269616
97,1,0.5,0.74468085106383,1.19253311269616
98,0.05,0.5,0.765957446808511,0.432791155027396
98,0.1,0.5,0.74468085106383,0.438457407157774
98,0.15,0.5,0.74468085106383,0.439505579328587
98,0.2,0.5,0.74468085106383,0.440233409576343
98,0.25,0.5,0.74468085106383,0.434769086580079
98,0.3,0.5,0.74468085106383,0.434769086580079
98,0.35,0.5,0.74468085106383,0.433443125509483
98,0.4,0.5,0.74468085106383,0.433443125509483
98,0.45,0.5,0.74468085106383,0.433443125509483
98,0.5,0.5,0.74468085106383,0.433462529626259
98,0.55,0.5,0.765957446808511,0.427945740006883
98,0.6,0.5,0.765957446808511,0.427945740006883
98,0.65,0.5,0.765957446808511,0.427945740006883
98,0.7,0.5,0.765957446808511,0.427945740006883
98,0.75,0.5,0.765957446808511,0.427945740006883
98,0.8,0.5,0.765957446808511,0.427945740006883
98,0.85,0.5,0.851063829787234,0.417062096085997
98,0.9,0.5,0.851063829787234,0.417062096085997
98,0.95,0.5,0.851063829787234,0.416305622189317
98,1,0.5,0.851063829787234,0.416305622189317
99,0.05,0.5,0.74468085106383,2.66005143603891
99,0.1,0.5,0.74468085106383,2.66005143603891
99,0.15,0.5,0.74468085106383,2.66005143603891
99,0.2,0.5,0.74468085106383,2.66005143603891
99,0.25,0.5,0.74468085106383,2.66005143603891
99,0.3,0.5,0.74468085106383,2.66005143603891
99,0.35,0.5,0.74468085106383,2.66005143603891
99,0.4,0.5,0.74468085106383,2.66005143603891
99,0.45,0.5,0.74468085106383,2.66005143603891
99,0.5,0.5,0.74468085106383,2.66005143603891
99,0.55,0.5,0.74468085106383,2.66005143603891
99,0.6,0.5,0.74468085106383,2.66005143603891
99,0.65,0.5,0.74468085106383,2.66005143603891
99,0.7,0.5,0.74468085106383,2.66005143603891
99,0.75,0.5,0.74468085106383,2.66005143603891
99,0.8,0.5,0.74468085106383,2.66005143603891
99,0.85,0.5,0.74468085106383,2.66005143603891
99,0.9,0.5,0.74468085106383,2.66005143603891
99,0.95,0.5,0.74468085106383,2.66005143603891
99,1,0.5,0.74468085106383,2.66005143603891
100,0.05,0.5,0.702127659574468,0.558184938651964
100,0.1,0.5,0.74468085106383,1.85698713672305
100,0.15,0.5,0.74468085106383,1.85698713672305
100,0.2,0.5,0.74468085106383,1.85698713672305
100,0.25,0.5,0.74468085106383,1.85698713672305
100,0.3,0.5,0.74468085106383,1.85698713672305
100,0.35,0.5,0.74468085106383,1.85698713672305
100,0.4,0.5,0.74468085106383,1.85698713672305
100,0.45,0.5,0.74468085106383,1.85698713672305
100,0.5,0.5,0.74468085106383,1.85698713672305
100,0.55,0.5,0.74468085106383,1.85698713672305
100,0.6,0.5,0.74468085106383,1.85698713672305
100,0.65,0.5,0.74468085106383,1.85698713672305
100,0.7,0.5,0.74468085106383,1.85698713672305
100,0.75,0.5,0.74468085106383,1.85698713672305
100,0.8,0.5,0.74468085106383,1.85698713672305
100,0.85,0.5,0.74468085106383,1.85698713672305
100,0.9,0.5,0.74468085106383,1.85698713672305
100,0.95,0.5,0.74468085106383,1.85698713672305
100,1,0.5,0.74468085106383,1.85698713672305
